recipient_iso3,year,count,freq
ABW,2000,25,0.01
ABW,2001,2,0
ABW,2002,7,0
ABW,2003,4,0
ABW,2004,24,0.01
ABW,2005,5,0
ABW,2006,5,0
ABW,2007,8,0
ABW,2008,11,0
ABW,2009,9,0
ABW,2010,12,0
ABW,2011,13,0
ABW,2012,11,0
ABW,2013,14,0
ABW,2014,10,0
AFG,2000,640,0.28
AFG,2001,4461,1.91
AFG,2002,2966,1.24
AFG,2003,2199,0.86
AFG,2004,2471,0.92
AFG,2005,2409,0.94
AFG,2006,3278,1.05
AFG,2007,3786,1.27
AFG,2008,2629,0.81
AFG,2009,8831,1.66
AFG,2010,10746,1.8
AFG,2011,7713,1.46
AFG,2012,5315,1.2
AFG,2013,3422,0.95
AFG,2014,3134,1.01
AGO,2000,987,0.43
AGO,2001,975,0.42
AGO,2002,863,0.36
AGO,2003,793,0.31
AGO,2004,710,0.26
AGO,2005,533,0.21
AGO,2006,858,0.27
AGO,2007,979,0.33
AGO,2008,667,0.21
AGO,2009,1036,0.19
AGO,2010,905,0.15
AGO,2011,694,0.13
AGO,2012,528,0.12
AGO,2013,382,0.11
AGO,2014,385,0.12
AIA,2000,3,0
AIA,2001,2,0
AIA,2002,3,0
AIA,2003,1,0
AIA,2004,3,0
AIA,2005,2,0
AIA,2006,4,0
AIA,2007,0,0
AIA,2008,3,0
AIA,2009,4,0
AIA,2010,4,0
AIA,2011,2,0
AIA,2012,0,0
AIA,2013,3,0
AIA,2014,2,0
ALA,2000,0,0
ALA,2001,0,0
ALA,2002,0,0
ALA,2003,0,0
ALA,2004,0,0
ALA,2005,1,0
ALA,2006,0,0
ALA,2007,1,0
ALA,2008,1,0
ALA,2009,0,0
ALA,2010,2,0
ALA,2011,0,0
ALA,2012,0,0
ALA,2013,1,0
ALA,2014,0,0
ALB,2000,254,0.11
ALB,2001,231,0.1
ALB,2002,155,0.07
ALB,2003,172,0.07
ALB,2004,221,0.08
ALB,2005,240,0.09
ALB,2006,257,0.08
ALB,2007,282,0.09
ALB,2008,288,0.09
ALB,2009,399,0.07
ALB,2010,328,0.05
ALB,2011,381,0.07
ALB,2012,184,0.04
ALB,2013,485,0.13
ALB,2014,536,0.17
AND,2000,37,0.02
AND,2001,29,0.01
AND,2002,27,0.01
AND,2003,34,0.01
AND,2004,66,0.02
AND,2005,60,0.02
AND,2006,43,0.01
AND,2007,55,0.02
AND,2008,41,0.01
AND,2009,136,0.03
AND,2010,48,0.01
AND,2011,47,0.01
AND,2012,36,0.01
AND,2013,70,0.02
AND,2014,36,0.01
ARE,2000,815,0.36
ARE,2001,646,0.28
ARE,2002,473,0.2
ARE,2003,610,0.24
ARE,2004,1147,0.43
ARE,2005,575,0.22
ARE,2006,573,0.18
ARE,2007,1074,0.36
ARE,2008,707,0.22
ARE,2009,1361,0.26
ARE,2010,1663,0.28
ARE,2011,1534,0.29
ARE,2012,1369,0.31
ARE,2013,1283,0.35
ARE,2014,862,0.28
ARG,2000,1153,0.51
ARG,2001,1542,0.66
ARG,2002,1891,0.79
ARG,2003,1615,0.63
ARG,2004,2214,0.83
ARG,2005,1974,0.77
ARG,2006,2071,0.66
ARG,2007,1564,0.52
ARG,2008,2604,0.81
ARG,2009,2854,0.54
ARG,2010,3276,0.55
ARG,2011,2377,0.45
ARG,2012,1962,0.44
ARG,2013,1747,0.48
ARG,2014,1607,0.52
ARM,2000,198,0.09
ARM,2001,166,0.07
ARM,2002,103,0.04
ARM,2003,183,0.07
ARM,2004,209,0.08
ARM,2005,191,0.07
ARM,2006,142,0.05
ARM,2007,196,0.07
ARM,2008,322,0.1
ARM,2009,447,0.08
ARM,2010,497,0.08
ARM,2011,561,0.11
ARM,2012,371,0.08
ARM,2013,351,0.1
ARM,2014,203,0.07
ASM,2000,22,0.01
ASM,2001,15,0.01
ASM,2002,2,0
ASM,2003,2,0
ASM,2004,29,0.01
ASM,2005,4,0
ASM,2006,7,0
ASM,2007,21,0.01
ASM,2008,71,0.02
ASM,2009,114,0.02
ASM,2010,60,0.01
ASM,2011,20,0
ASM,2012,10,0
ASM,2013,7,0
ASM,2014,15,0
ATA,2000,23,0.01
ATA,2001,15,0.01
ATA,2002,25,0.01
ATA,2003,30,0.01
ATA,2004,25,0.01
ATA,2005,27,0.01
ATA,2006,24,0.01
ATA,2007,71,0.02
ATA,2008,88,0.03
ATA,2009,166,0.03
ATA,2010,119,0.02
ATA,2011,84,0.02
ATA,2012,105,0.02
ATA,2013,88,0.02
ATA,2014,116,0.04
ATF,2000,0,0
ATF,2001,0,0
ATF,2002,0,0
ATF,2003,0,0
ATF,2004,0,0
ATF,2005,0,0
ATF,2006,0,0
ATF,2007,0,0
ATF,2008,0,0
ATF,2009,0,0
ATF,2010,12,0
ATF,2011,0,0
ATF,2012,0,0
ATF,2013,0,0
ATF,2014,0,0
ATG,2000,9,0
ATG,2001,3,0
ATG,2002,5,0
ATG,2003,8,0
ATG,2004,31,0.01
ATG,2005,7,0
ATG,2006,4,0
ATG,2007,19,0.01
ATG,2008,14,0
ATG,2009,35,0.01
ATG,2010,35,0.01
ATG,2011,24,0
ATG,2012,10,0
ATG,2013,40,0.01
ATG,2014,16,0.01
AUS,2000,3078,1.36
AUS,2001,2928,1.25
AUS,2002,2606,1.09
AUS,2003,2700,1.06
AUS,2004,3483,1.3
AUS,2005,3498,1.37
AUS,2006,4171,1.33
AUS,2007,3627,1.21
AUS,2008,4654,1.44
AUS,2009,7794,1.46
AUS,2010,10311,1.73
AUS,2011,9790,1.85
AUS,2012,6055,1.37
AUS,2013,4954,1.37
AUS,2014,4902,1.58
AUT,2000,1201,0.53
AUT,2001,995,0.43
AUT,2002,807,0.34
AUT,2003,926,0.36
AUT,2004,1133,0.42
AUT,2005,1281,0.5
AUT,2006,1347,0.43
AUT,2007,1286,0.43
AUT,2008,1747,0.54
AUT,2009,2196,0.41
AUT,2010,2114,0.35
AUT,2011,1800,0.34
AUT,2012,1274,0.29
AUT,2013,1061,0.29
AUT,2014,1181,0.38
AZE,2000,291,0.13
AZE,2001,176,0.08
AZE,2002,155,0.07
AZE,2003,144,0.06
AZE,2004,256,0.1
AZE,2005,247,0.1
AZE,2006,279,0.09
AZE,2007,320,0.11
AZE,2008,442,0.14
AZE,2009,471,0.09
AZE,2010,602,0.1
AZE,2011,642,0.12
AZE,2012,762,0.17
AZE,2013,434,0.12
AZE,2014,354,0.11
BDI,2000,512,0.23
BDI,2001,517,0.22
BDI,2002,412,0.17
BDI,2003,405,0.16
BDI,2004,488,0.18
BDI,2005,305,0.12
BDI,2006,337,0.11
BDI,2007,367,0.12
BDI,2008,169,0.05
BDI,2009,556,0.1
BDI,2010,719,0.12
BDI,2011,503,0.1
BDI,2012,476,0.11
BDI,2013,369,0.1
BDI,2014,219,0.07
BEL,2000,1347,0.59
BEL,2001,1418,0.61
BEL,2002,1199,0.5
BEL,2003,1183,0.46
BEL,2004,1412,0.53
BEL,2005,1192,0.47
BEL,2006,1461,0.47
BEL,2007,1009,0.34
BEL,2008,1415,0.44
BEL,2009,1726,0.32
BEL,2010,2190,0.37
BEL,2011,1488,0.28
BEL,2012,1380,0.31
BEL,2013,1058,0.29
BEL,2014,1176,0.38
BEN,2000,114,0.05
BEN,2001,116,0.05
BEN,2002,116,0.05
BEN,2003,157,0.06
BEN,2004,230,0.09
BEN,2005,204,0.08
BEN,2006,147,0.05
BEN,2007,238,0.08
BEN,2008,183,0.06
BEN,2009,214,0.04
BEN,2010,271,0.05
BEN,2011,249,0.05
BEN,2012,321,0.07
BEN,2013,202,0.06
BEN,2014,114,0.04
BFA,2000,105,0.05
BFA,2001,128,0.05
BFA,2002,137,0.06
BFA,2003,109,0.04
BFA,2004,197,0.07
BFA,2005,133,0.05
BFA,2006,146,0.05
BFA,2007,355,0.12
BFA,2008,139,0.04
BFA,2009,438,0.08
BFA,2010,553,0.09
BFA,2011,271,0.05
BFA,2012,284,0.06
BFA,2013,350,0.1
BFA,2014,223,0.07
BGD,2000,1050,0.46
BGD,2001,778,0.33
BGD,2002,811,0.34
BGD,2003,1042,0.41
BGD,2004,1241,0.46
BGD,2005,1329,0.52
BGD,2006,1433,0.46
BGD,2007,1688,0.56
BGD,2008,1147,0.35
BGD,2009,3716,0.7
BGD,2010,3554,0.6
BGD,2011,2248,0.43
BGD,2012,1566,0.35
BGD,2013,1355,0.37
BGD,2014,1003,0.32
BGR,2000,568,0.25
BGR,2001,587,0.25
BGR,2002,601,0.25
BGR,2003,719,0.28
BGR,2004,712,0.27
BGR,2005,670,0.26
BGR,2006,862,0.28
BGR,2007,724,0.24
BGR,2008,974,0.3
BGR,2009,1082,0.2
BGR,2010,1077,0.18
BGR,2011,980,0.19
BGR,2012,910,0.21
BGR,2013,694,0.19
BGR,2014,704,0.23
BHR,2000,355,0.16
BHR,2001,302,0.13
BHR,2002,399,0.17
BHR,2003,440,0.17
BHR,2004,532,0.2
BHR,2005,325,0.13
BHR,2006,491,0.16
BHR,2007,373,0.12
BHR,2008,331,0.1
BHR,2009,625,0.12
BHR,2010,653,0.11
BHR,2011,1586,0.3
BHR,2012,626,0.14
BHR,2013,485,0.13
BHR,2014,399,0.13
BHS,2000,94,0.04
BHS,2001,76,0.03
BHS,2002,106,0.04
BHS,2003,105,0.04
BHS,2004,131,0.05
BHS,2005,109,0.04
BHS,2006,103,0.03
BHS,2007,110,0.04
BHS,2008,124,0.04
BHS,2009,301,0.06
BHS,2010,126,0.02
BHS,2011,92,0.02
BHS,2012,69,0.02
BHS,2013,84,0.02
BHS,2014,67,0.02
BIH,2000,255,0.11
BIH,2001,291,0.12
BIH,2002,267,0.11
BIH,2003,210,0.08
BIH,2004,288,0.11
BIH,2005,244,0.1
BIH,2006,288,0.09
BIH,2007,217,0.07
BIH,2008,202,0.06
BIH,2009,337,0.06
BIH,2010,515,0.09
BIH,2011,337,0.06
BIH,2012,270,0.06
BIH,2013,389,0.11
BIH,2014,553,0.18
BLM,2000,0,0
BLM,2001,1,0
BLM,2002,0,0
BLM,2003,0,0
BLM,2004,0,0
BLM,2005,0,0
BLM,2006,1,0
BLM,2007,0,0
BLM,2008,0,0
BLM,2009,0,0
BLM,2010,0,0
BLM,2011,0,0
BLM,2012,0,0
BLM,2013,0,0
BLM,2014,0,0
BLR,2000,546,0.24
BLR,2001,565,0.24
BLR,2002,362,0.15
BLR,2003,482,0.19
BLR,2004,543,0.2
BLR,2005,639,0.25
BLR,2006,733,0.23
BLR,2007,891,0.3
BLR,2008,1129,0.35
BLR,2009,1212,0.23
BLR,2010,1853,0.31
BLR,2011,1574,0.3
BLR,2012,1201,0.27
BLR,2013,807,0.22
BLR,2014,729,0.23
BLZ,2000,94,0.04
BLZ,2001,33,0.01
BLZ,2002,20,0.01
BLZ,2003,16,0.01
BLZ,2004,41,0.02
BLZ,2005,46,0.02
BLZ,2006,22,0.01
BLZ,2007,24,0.01
BLZ,2008,51,0.02
BLZ,2009,55,0.01
BLZ,2010,64,0.01
BLZ,2011,60,0.01
BLZ,2012,24,0.01
BLZ,2013,48,0.01
BLZ,2014,22,0.01
BMU,2000,37,0.02
BMU,2001,10,0
BMU,2002,11,0
BMU,2003,10,0
BMU,2004,34,0.01
BMU,2005,17,0.01
BMU,2006,25,0.01
BMU,2007,40,0.01
BMU,2008,18,0.01
BMU,2009,22,0
BMU,2010,33,0.01
BMU,2011,25,0
BMU,2012,24,0.01
BMU,2013,18,0
BMU,2014,8,0
BOL,2000,268,0.12
BOL,2001,235,0.1
BOL,2002,214,0.09
BOL,2003,387,0.15
BOL,2004,450,0.17
BOL,2005,449,0.18
BOL,2006,460,0.15
BOL,2007,469,0.16
BOL,2008,735,0.23
BOL,2009,831,0.16
BOL,2010,688,0.12
BOL,2011,501,0.09
BOL,2012,334,0.08
BOL,2013,513,0.14
BOL,2014,313,0.1
BRA,2000,1725,0.76
BRA,2001,1835,0.79
BRA,2002,2217,0.93
BRA,2003,1997,0.78
BRA,2004,2350,0.88
BRA,2005,2194,0.86
BRA,2006,2768,0.89
BRA,2007,2984,1
BRA,2008,5258,1.63
BRA,2009,6546,1.23
BRA,2010,7573,1.27
BRA,2011,5015,0.95
BRA,2012,4765,1.08
BRA,2013,4947,1.37
BRA,2014,3872,1.24
BRB,2000,105,0.05
BRB,2001,33,0.01
BRB,2002,34,0.01
BRB,2003,40,0.02
BRB,2004,62,0.02
BRB,2005,87,0.03
BRB,2006,47,0.02
BRB,2007,47,0.02
BRB,2008,57,0.02
BRB,2009,107,0.02
BRB,2010,130,0.02
BRB,2011,77,0.01
BRB,2012,36,0.01
BRB,2013,58,0.02
BRB,2014,65,0.02
BRN,2000,397,0.17
BRN,2001,429,0.18
BRN,2002,460,0.19
BRN,2003,424,0.17
BRN,2004,399,0.15
BRN,2005,381,0.15
BRN,2006,348,0.11
BRN,2007,407,0.14
BRN,2008,283,0.09
BRN,2009,732,0.14
BRN,2010,684,0.11
BRN,2011,628,0.12
BRN,2012,687,0.16
BRN,2013,947,0.26
BRN,2014,426,0.14
BTN,2000,118,0.05
BTN,2001,88,0.04
BTN,2002,92,0.04
BTN,2003,108,0.04
BTN,2004,128,0.05
BTN,2005,163,0.06
BTN,2006,130,0.04
BTN,2007,156,0.05
BTN,2008,65,0.02
BTN,2009,157,0.03
BTN,2010,395,0.07
BTN,2011,203,0.04
BTN,2012,138,0.03
BTN,2013,65,0.02
BTN,2014,90,0.03
BWA,2000,357,0.16
BWA,2001,335,0.14
BWA,2002,364,0.15
BWA,2003,328,0.13
BWA,2004,337,0.13
BWA,2005,217,0.08
BWA,2006,353,0.11
BWA,2007,392,0.13
BWA,2008,167,0.05
BWA,2009,334,0.06
BWA,2010,421,0.07
BWA,2011,531,0.1
BWA,2012,510,0.12
BWA,2013,455,0.13
BWA,2014,321,0.1
CAF,2000,58,0.03
CAF,2001,71,0.03
CAF,2002,49,0.02
CAF,2003,99,0.04
CAF,2004,194,0.07
CAF,2005,62,0.02
CAF,2006,77,0.02
CAF,2007,137,0.05
CAF,2008,123,0.04
CAF,2009,281,0.05
CAF,2010,292,0.05
CAF,2011,158,0.03
CAF,2012,213,0.05
CAF,2013,673,0.19
CAF,2014,582,0.19
CCK,2000,0,0
CCK,2001,0,0
CCK,2002,0,0
CCK,2003,0,0
CCK,2004,0,0
CCK,2005,0,0
CCK,2006,0,0
CCK,2007,0,0
CCK,2008,0,0
CCK,2009,10,0
CCK,2010,2,0
CCK,2011,0,0
CCK,2012,5,0
CCK,2013,1,0
CCK,2014,12,0
CHE,2000,1487,0.66
CHE,2001,1504,0.64
CHE,2002,1482,0.62
CHE,2003,1401,0.55
CHE,2004,1662,0.62
CHE,2005,1642,0.64
CHE,2006,1892,0.61
CHE,2007,1415,0.47
CHE,2008,2038,0.63
CHE,2009,2970,0.56
CHE,2010,2975,0.5
CHE,2011,1862,0.35
CHE,2012,1760,0.4
CHE,2013,1586,0.44
CHE,2014,1620,0.52
CHL,2000,920,0.41
CHL,2001,745,0.32
CHL,2002,557,0.23
CHL,2003,931,0.36
CHL,2004,1319,0.49
CHL,2005,990,0.39
CHL,2006,945,0.3
CHL,2007,896,0.3
CHL,2008,1317,0.41
CHL,2009,1828,0.34
CHL,2010,2899,0.49
CHL,2011,1396,0.26
CHL,2012,858,0.19
CHL,2013,1019,0.28
CHL,2014,857,0.28
CHN,2000,24078,10.61
CHN,2001,22074,9.45
CHN,2002,20835,8.74
CHN,2003,22030,8.63
CHN,2004,22805,8.51
CHN,2005,25046,9.78
CHN,2006,27957,8.94
CHN,2007,26640,8.91
CHN,2008,42262,13.07
CHN,2009,47455,8.91
CHN,2010,56632,9.49
CHN,2011,52609,9.96
CHN,2012,49382,11.15
CHN,2013,41137,11.36
CHN,2014,36122,11.61
CIV,2000,207,0.09
CIV,2001,138,0.06
CIV,2002,419,0.18
CIV,2003,399,0.16
CIV,2004,412,0.15
CIV,2005,326,0.13
CIV,2006,374,0.12
CIV,2007,381,0.13
CIV,2008,266,0.08
CIV,2009,408,0.08
CIV,2010,975,0.16
CIV,2011,1431,0.27
CIV,2012,531,0.12
CIV,2013,337,0.09
CIV,2014,204,0.07
CMR,2000,214,0.09
CMR,2001,220,0.09
CMR,2002,455,0.19
CMR,2003,406,0.16
CMR,2004,307,0.11
CMR,2005,218,0.09
CMR,2006,327,0.1
CMR,2007,547,0.18
CMR,2008,543,0.17
CMR,2009,505,0.09
CMR,2010,1030,0.17
CMR,2011,443,0.08
CMR,2012,365,0.08
CMR,2013,501,0.14
CMR,2014,468,0.15
COD,2000,1267,0.56
COD,2001,1324,0.57
COD,2002,1053,0.44
COD,2003,979,0.38
COD,2004,1028,0.38
COD,2005,760,0.3
COD,2006,996,0.32
COD,2007,1007,0.34
COD,2008,566,0.18
COD,2009,1115,0.21
COD,2010,1350,0.23
COD,2011,986,0.19
COD,2012,1078,0.24
COD,2013,968,0.27
COD,2014,604,0.19
COG,2000,269,0.12
COG,2001,252,0.11
COG,2002,202,0.08
COG,2003,282,0.11
COG,2004,312,0.12
COG,2005,224,0.09
COG,2006,271,0.09
COG,2007,225,0.08
COG,2008,154,0.05
COG,2009,293,0.06
COG,2010,330,0.06
COG,2011,206,0.04
COG,2012,207,0.05
COG,2013,246,0.07
COG,2014,106,0.03
COK,2000,36,0.02
COK,2001,19,0.01
COK,2002,9,0
COK,2003,19,0.01
COK,2004,90,0.03
COK,2005,36,0.01
COK,2006,64,0.02
COK,2007,64,0.02
COK,2008,29,0.01
COK,2009,130,0.02
COK,2010,164,0.03
COK,2011,73,0.01
COK,2012,147,0.03
COK,2013,54,0.01
COK,2014,55,0.02
COL,2000,980,0.43
COL,2001,1029,0.44
COL,2002,1207,0.51
COL,2003,1381,0.54
COL,2004,1269,0.47
COL,2005,1315,0.51
COL,2006,1038,0.33
COL,2007,1070,0.36
COL,2008,1799,0.56
COL,2009,2146,0.4
COL,2010,2119,0.36
COL,2011,1670,0.32
COL,2012,1217,0.27
COL,2013,1137,0.31
COL,2014,983,0.32
COM,2000,57,0.03
COM,2001,41,0.02
COM,2002,40,0.02
COM,2003,47,0.02
COM,2004,57,0.02
COM,2005,36,0.01
COM,2006,73,0.02
COM,2007,62,0.02
COM,2008,32,0.01
COM,2009,115,0.02
COM,2010,93,0.02
COM,2011,100,0.02
COM,2012,54,0.01
COM,2013,32,0.01
COM,2014,66,0.02
CPV,2000,82,0.04
CPV,2001,106,0.05
CPV,2002,89,0.04
CPV,2003,80,0.03
CPV,2004,175,0.07
CPV,2005,114,0.04
CPV,2006,145,0.05
CPV,2007,96,0.03
CPV,2008,108,0.03
CPV,2009,197,0.04
CPV,2010,212,0.04
CPV,2011,128,0.02
CPV,2012,172,0.04
CPV,2013,113,0.03
CPV,2014,108,0.03
CRI,2000,275,0.12
CRI,2001,274,0.12
CRI,2002,496,0.21
CRI,2003,275,0.11
CRI,2004,335,0.12
CRI,2005,299,0.12
CRI,2006,516,0.17
CRI,2007,232,0.08
CRI,2008,566,0.18
CRI,2009,1608,0.3
CRI,2010,893,0.15
CRI,2011,550,0.1
CRI,2012,261,0.06
CRI,2013,410,0.11
CRI,2014,372,0.12
CUB,2000,945,0.42
CUB,2001,756,0.32
CUB,2002,640,0.27
CUB,2003,669,0.26
CUB,2004,899,0.34
CUB,2005,880,0.34
CUB,2006,877,0.28
CUB,2007,952,0.32
CUB,2008,1740,0.54
CUB,2009,1660,0.31
CUB,2010,1603,0.27
CUB,2011,1373,0.26
CUB,2012,1471,0.33
CUB,2013,1331,0.37
CUB,2014,833,0.27
CUW,2000,2,0
CUW,2001,2,0
CUW,2002,7,0
CUW,2003,0,0
CUW,2004,1,0
CUW,2005,4,0
CUW,2006,5,0
CUW,2007,2,0
CUW,2008,7,0
CUW,2009,2,0
CUW,2010,14,0
CUW,2011,4,0
CUW,2012,10,0
CUW,2013,15,0
CUW,2014,8,0
CXR,2000,1,0
CXR,2001,52,0.02
CXR,2002,6,0
CXR,2003,1,0
CXR,2004,0,0
CXR,2005,0,0
CXR,2006,3,0
CXR,2007,6,0
CXR,2008,0,0
CXR,2009,100,0.02
CXR,2010,204,0.03
CXR,2011,243,0.05
CXR,2012,121,0.03
CXR,2013,46,0.01
CXR,2014,30,0.01
CYM,2000,30,0.01
CYM,2001,4,0
CYM,2002,14,0.01
CYM,2003,12,0
CYM,2004,42,0.02
CYM,2005,10,0
CYM,2006,25,0.01
CYM,2007,38,0.01
CYM,2008,26,0.01
CYM,2009,21,0
CYM,2010,34,0.01
CYM,2011,27,0.01
CYM,2012,40,0.01
CYM,2013,23,0.01
CYM,2014,8,0
CYP,2000,805,0.35
CYP,2001,544,0.23
CYP,2002,851,0.36
CYP,2003,756,0.3
CYP,2004,1143,0.43
CYP,2005,686,0.27
CYP,2006,963,0.31
CYP,2007,649,0.22
CYP,2008,719,0.22
CYP,2009,866,0.16
CYP,2010,1210,0.2
CYP,2011,797,0.15
CYP,2012,783,0.18
CYP,2013,1244,0.34
CYP,2014,606,0.19
CZE,2000,869,0.38
CZE,2001,904,0.39
CZE,2002,798,0.33
CZE,2003,850,0.33
CZE,2004,1324,0.49
CZE,2005,1314,0.51
CZE,2006,1613,0.52
CZE,2007,1711,0.57
CZE,2008,2062,0.64
CZE,2009,2581,0.48
CZE,2010,1979,0.33
CZE,2011,1930,0.37
CZE,2012,1713,0.39
CZE,2013,1203,0.33
CZE,2014,1338,0.43
DEU,2000,3896,1.72
DEU,2001,4071,1.74
DEU,2002,4365,1.83
DEU,2003,4857,1.9
DEU,2004,5397,2.01
DEU,2005,5333,2.08
DEU,2006,6615,2.12
DEU,2007,4906,1.64
DEU,2008,7123,2.2
DEU,2009,8006,1.5
DEU,2010,9720,1.63
DEU,2011,8103,1.53
DEU,2012,7491,1.69
DEU,2013,5595,1.55
DEU,2014,6021,1.93
DJI,2000,257,0.11
DJI,2001,116,0.05
DJI,2002,148,0.06
DJI,2003,180,0.07
DJI,2004,235,0.09
DJI,2005,141,0.06
DJI,2006,224,0.07
DJI,2007,172,0.06
DJI,2008,188,0.06
DJI,2009,397,0.07
DJI,2010,291,0.05
DJI,2011,382,0.07
DJI,2012,225,0.05
DJI,2013,182,0.05
DJI,2014,109,0.04
DMA,2000,34,0.01
DMA,2001,19,0.01
DMA,2002,9,0
DMA,2003,20,0.01
DMA,2004,75,0.03
DMA,2005,51,0.02
DMA,2006,37,0.01
DMA,2007,48,0.02
DMA,2008,75,0.02
DMA,2009,60,0.01
DMA,2010,102,0.02
DMA,2011,50,0.01
DMA,2012,48,0.01
DMA,2013,65,0.02
DMA,2014,25,0.01
DNK,2000,730,0.32
DNK,2001,594,0.25
DNK,2002,974,0.41
DNK,2003,696,0.27
DNK,2004,1036,0.39
DNK,2005,976,0.38
DNK,2006,943,0.3
DNK,2007,885,0.3
DNK,2008,1514,0.47
DNK,2009,2433,0.46
DNK,2010,2332,0.39
DNK,2011,2045,0.39
DNK,2012,1735,0.39
DNK,2013,883,0.24
DNK,2014,1002,0.32
DOM,2000,93,0.04
DOM,2001,110,0.05
DOM,2002,102,0.04
DOM,2003,302,0.12
DOM,2004,365,0.14
DOM,2005,246,0.1
DOM,2006,192,0.06
DOM,2007,244,0.08
DOM,2008,336,0.1
DOM,2009,440,0.08
DOM,2010,705,0.12
DOM,2011,295,0.06
DOM,2012,273,0.06
DOM,2013,200,0.06
DOM,2014,133,0.04
DZA,2000,506,0.22
DZA,2001,387,0.17
DZA,2002,342,0.14
DZA,2003,469,0.18
DZA,2004,628,0.23
DZA,2005,445,0.17
DZA,2006,356,0.11
DZA,2007,968,0.32
DZA,2008,739,0.23
DZA,2009,810,0.15
DZA,2010,1108,0.19
DZA,2011,1401,0.27
DZA,2012,1115,0.25
DZA,2013,994,0.27
DZA,2014,811,0.26
ECU,2000,473,0.21
ECU,2001,456,0.2
ECU,2002,597,0.25
ECU,2003,448,0.18
ECU,2004,488,0.18
ECU,2005,562,0.22
ECU,2006,738,0.24
ECU,2007,652,0.22
ECU,2008,1132,0.35
ECU,2009,1244,0.23
ECU,2010,856,0.14
ECU,2011,491,0.09
ECU,2012,394,0.09
ECU,2013,593,0.16
ECU,2014,463,0.15
EGY,2000,2586,1.14
EGY,2001,2631,1.13
EGY,2002,2477,1.04
EGY,2003,2582,1.01
EGY,2004,3102,1.16
EGY,2005,2751,1.07
EGY,2006,2611,0.84
EGY,2007,2743,0.92
EGY,2008,2413,0.75
EGY,2009,5569,1.05
EGY,2010,4217,0.71
EGY,2011,7002,1.33
EGY,2012,4721,1.07
EGY,2013,5370,1.48
EGY,2014,2576,0.83
ERI,2000,537,0.24
ERI,2001,279,0.12
ERI,2002,271,0.11
ERI,2003,239,0.09
ERI,2004,347,0.13
ERI,2005,227,0.09
ERI,2006,289,0.09
ERI,2007,268,0.09
ERI,2008,73,0.02
ERI,2009,298,0.06
ERI,2010,214,0.04
ERI,2011,178,0.03
ERI,2012,165,0.04
ERI,2013,183,0.05
ERI,2014,130,0.04
ESH,2000,22,0.01
ESH,2001,25,0.01
ESH,2002,16,0.01
ESH,2003,29,0.01
ESH,2004,18,0.01
ESH,2005,18,0.01
ESH,2006,13,0
ESH,2007,17,0.01
ESH,2008,20,0.01
ESH,2009,53,0.01
ESH,2010,62,0.01
ESH,2011,29,0.01
ESH,2012,33,0.01
ESH,2013,30,0.01
ESH,2014,17,0.01
ESP,2000,2272,1
ESP,2001,2375,1.02
ESP,2002,2696,1.13
ESP,2003,3161,1.24
ESP,2004,3630,1.35
ESP,2005,2974,1.16
ESP,2006,3291,1.05
ESP,2007,2578,0.86
ESP,2008,4707,1.46
ESP,2009,6347,1.19
ESP,2010,7610,1.28
ESP,2011,5988,1.13
ESP,2012,6507,1.47
ESP,2013,4429,1.22
ESP,2014,3553,1.14
EST,2000,229,0.1
EST,2001,239,0.1
EST,2002,251,0.11
EST,2003,366,0.14
EST,2004,361,0.13
EST,2005,313,0.12
EST,2006,418,0.13
EST,2007,430,0.14
EST,2008,440,0.14
EST,2009,589,0.11
EST,2010,558,0.09
EST,2011,452,0.09
EST,2012,388,0.09
EST,2013,340,0.09
EST,2014,501,0.16
ETH,2000,1111,0.49
ETH,2001,807,0.35
ETH,2002,741,0.31
ETH,2003,840,0.33
ETH,2004,894,0.33
ETH,2005,848,0.33
ETH,2006,1100,0.35
ETH,2007,953,0.32
ETH,2008,541,0.17
ETH,2009,1013,0.19
ETH,2010,1254,0.21
ETH,2011,1357,0.26
ETH,2012,1405,0.32
ETH,2013,1103,0.3
ETH,2014,909,0.29
FIN,2000,813,0.36
FIN,2001,759,0.33
FIN,2002,716,0.3
FIN,2003,866,0.34
FIN,2004,866,0.32
FIN,2005,1051,0.41
FIN,2006,1590,0.51
FIN,2007,893,0.3
FIN,2008,1137,0.35
FIN,2009,1562,0.29
FIN,2010,1646,0.28
FIN,2011,1046,0.2
FIN,2012,869,0.2
FIN,2013,893,0.25
FIN,2014,1025,0.33
FJI,2000,335,0.15
FJI,2001,141,0.06
FJI,2002,84,0.04
FJI,2003,94,0.04
FJI,2004,228,0.09
FJI,2005,198,0.08
FJI,2006,517,0.17
FJI,2007,483,0.16
FJI,2008,206,0.06
FJI,2009,1173,0.22
FJI,2010,865,0.14
FJI,2011,1164,0.22
FJI,2012,785,0.18
FJI,2013,474,0.13
FJI,2014,412,0.13
FLK,2000,2,0
FLK,2001,11,0
FLK,2002,4,0
FLK,2003,1,0
FLK,2004,2,0
FLK,2005,1,0
FLK,2006,8,0
FLK,2007,9,0
FLK,2008,11,0
FLK,2009,6,0
FLK,2010,46,0.01
FLK,2011,10,0
FLK,2012,68,0.02
FLK,2013,23,0.01
FLK,2014,5,0
FRA,2000,4396,1.94
FRA,2001,4348,1.86
FRA,2002,4248,1.78
FRA,2003,5287,2.07
FRA,2004,5799,2.16
FRA,2005,5196,2.03
FRA,2006,5885,1.88
FRA,2007,4722,1.58
FRA,2008,6384,1.97
FRA,2009,8563,1.61
FRA,2010,9370,1.57
FRA,2011,9231,1.75
FRA,2012,7329,1.65
FRA,2013,6244,1.72
FRA,2014,5053,1.62
FRO,2000,13,0.01
FRO,2001,22,0.01
FRO,2002,21,0.01
FRO,2003,24,0.01
FRO,2004,31,0.01
FRO,2005,34,0.01
FRO,2006,35,0.01
FRO,2007,32,0.01
FRO,2008,16,0
FRO,2009,53,0.01
FRO,2010,41,0.01
FRO,2011,42,0.01
FRO,2012,25,0.01
FRO,2013,37,0.01
FRO,2014,13,0
GAB,2000,116,0.05
GAB,2001,127,0.05
GAB,2002,119,0.05
GAB,2003,119,0.05
GAB,2004,237,0.09
GAB,2005,165,0.06
GAB,2006,147,0.05
GAB,2007,137,0.05
GAB,2008,164,0.05
GAB,2009,469,0.09
GAB,2010,358,0.06
GAB,2011,408,0.08
GAB,2012,426,0.1
GAB,2013,280,0.08
GAB,2014,125,0.04
GBR,2000,4351,1.92
GBR,2001,4770,2.04
GBR,2002,4062,1.7
GBR,2003,6374,2.5
GBR,2004,5258,1.96
GBR,2005,4603,1.8
GBR,2006,4638,1.48
GBR,2007,4022,1.35
GBR,2008,5330,1.65
GBR,2009,8029,1.51
GBR,2010,7642,1.28
GBR,2011,7503,1.42
GBR,2012,7552,1.71
GBR,2013,5895,1.63
GBR,2014,5539,1.78
GEO,2000,324,0.14
GEO,2001,282,0.12
GEO,2002,320,0.13
GEO,2003,356,0.14
GEO,2004,684,0.26
GEO,2005,447,0.17
GEO,2006,478,0.15
GEO,2007,417,0.14
GEO,2008,1831,0.57
GEO,2009,1099,0.21
GEO,2010,1100,0.18
GEO,2011,1091,0.21
GEO,2012,983,0.22
GEO,2013,623,0.17
GEO,2014,425,0.14
GGY,2000,0,0
GGY,2001,1,0
GGY,2002,1,0
GGY,2003,0,0
GGY,2004,1,0
GGY,2005,2,0
GGY,2006,0,0
GGY,2007,5,0
GGY,2008,1,0
GGY,2009,1,0
GGY,2010,3,0
GGY,2011,1,0
GGY,2012,0,0
GGY,2013,4,0
GGY,2014,2,0
GHA,2000,416,0.18
GHA,2001,409,0.18
GHA,2002,399,0.17
GHA,2003,485,0.19
GHA,2004,509,0.19
GHA,2005,472,0.18
GHA,2006,1045,0.33
GHA,2007,928,0.31
GHA,2008,587,0.18
GHA,2009,714,0.13
GHA,2010,1453,0.24
GHA,2011,906,0.17
GHA,2012,1178,0.27
GHA,2013,854,0.24
GHA,2014,823,0.26
GIB,2000,17,0.01
GIB,2001,20,0.01
GIB,2002,47,0.02
GIB,2003,18,0.01
GIB,2004,22,0.01
GIB,2005,10,0
GIB,2006,9,0
GIB,2007,5,0
GIB,2008,4,0
GIB,2009,2,0
GIB,2010,20,0
GIB,2011,5,0
GIB,2012,15,0
GIB,2013,25,0.01
GIB,2014,33,0.01
GIN,2000,252,0.11
GIN,2001,341,0.15
GIN,2002,285,0.12
GIN,2003,309,0.12
GIN,2004,343,0.13
GIN,2005,259,0.1
GIN,2006,217,0.07
GIN,2007,251,0.08
GIN,2008,360,0.11
GIN,2009,636,0.12
GIN,2010,790,0.13
GIN,2011,429,0.08
GIN,2012,536,0.12
GIN,2013,271,0.07
GIN,2014,884,0.28
GLP,2000,2,0
GLP,2001,7,0
GLP,2002,7,0
GLP,2003,2,0
GLP,2004,8,0
GLP,2005,7,0
GLP,2006,15,0
GLP,2007,32,0.01
GLP,2008,6,0
GLP,2009,37,0.01
GLP,2010,33,0.01
GLP,2011,21,0
GLP,2012,7,0
GLP,2013,1,0
GLP,2014,1,0
GMB,2000,55,0.02
GMB,2001,71,0.03
GMB,2002,64,0.03
GMB,2003,62,0.02
GMB,2004,52,0.02
GMB,2005,69,0.03
GMB,2006,100,0.03
GMB,2007,96,0.03
GMB,2008,68,0.02
GMB,2009,90,0.02
GMB,2010,162,0.03
GMB,2011,135,0.03
GMB,2012,136,0.03
GMB,2013,99,0.03
GMB,2014,81,0.03
GNB,2000,17,0.01
GNB,2001,25,0.01
GNB,2002,36,0.02
GNB,2003,41,0.02
GNB,2004,16,0.01
GNB,2005,24,0.01
GNB,2006,30,0.01
GNB,2007,46,0.02
GNB,2008,33,0.01
GNB,2009,53,0.01
GNB,2010,126,0.02
GNB,2011,100,0.02
GNB,2012,83,0.02
GNB,2013,56,0.02
GNB,2014,44,0.01
GNQ,2000,45,0.02
GNQ,2001,38,0.02
GNQ,2002,41,0.02
GNQ,2003,29,0.01
GNQ,2004,151,0.06
GNQ,2005,104,0.04
GNQ,2006,98,0.03
GNQ,2007,101,0.03
GNQ,2008,105,0.03
GNQ,2009,158,0.03
GNQ,2010,169,0.03
GNQ,2011,307,0.06
GNQ,2012,347,0.08
GNQ,2013,145,0.04
GNQ,2014,105,0.03
GRC,2000,1391,0.61
GRC,2001,1218,0.52
GRC,2002,1216,0.51
GRC,2003,1375,0.54
GRC,2004,2214,0.83
GRC,2005,1218,0.48
GRC,2006,1269,0.41
GRC,2007,1125,0.38
GRC,2008,1834,0.57
GRC,2009,1548,0.29
GRC,2010,4865,0.82
GRC,2011,4603,0.87
GRC,2012,4471,1.01
GRC,2013,1539,0.43
GRC,2014,1380,0.44
GRD,2000,32,0.01
GRD,2001,19,0.01
GRD,2002,19,0.01
GRD,2003,33,0.01
GRD,2004,76,0.03
GRD,2005,70,0.03
GRD,2006,33,0.01
GRD,2007,38,0.01
GRD,2008,35,0.01
GRD,2009,85,0.02
GRD,2010,87,0.01
GRD,2011,102,0.02
GRD,2012,149,0.03
GRD,2013,143,0.04
GRD,2014,100,0.03
GRL,2000,8,0
GRL,2001,11,0
GRL,2002,14,0.01
GRL,2003,8,0
GRL,2004,9,0
GRL,2005,23,0.01
GRL,2006,13,0
GRL,2007,16,0.01
GRL,2008,22,0.01
GRL,2009,56,0.01
GRL,2010,51,0.01
GRL,2011,56,0.01
GRL,2012,54,0.01
GRL,2013,33,0.01
GRL,2014,47,0.02
GTM,2000,272,0.12
GTM,2001,169,0.07
GTM,2002,109,0.05
GTM,2003,246,0.1
GTM,2004,220,0.08
GTM,2005,272,0.11
GTM,2006,246,0.08
GTM,2007,263,0.09
GTM,2008,359,0.11
GTM,2009,453,0.09
GTM,2010,425,0.07
GTM,2011,367,0.07
GTM,2012,271,0.06
GTM,2013,137,0.04
GTM,2014,78,0.03
GUF,2000,13,0.01
GUF,2001,8,0
GUF,2002,6,0
GUF,2003,7,0
GUF,2004,7,0
GUF,2005,14,0.01
GUF,2006,8,0
GUF,2007,9,0
GUF,2008,29,0.01
GUF,2009,57,0.01
GUF,2010,69,0.01
GUF,2011,71,0.01
GUF,2012,29,0.01
GUF,2013,35,0.01
GUF,2014,18,0.01
GUM,2000,42,0.02
GUM,2001,60,0.03
GUM,2002,19,0.01
GUM,2003,49,0.02
GUM,2004,37,0.01
GUM,2005,63,0.02
GUM,2006,62,0.02
GUM,2007,93,0.03
GUM,2008,51,0.02
GUM,2009,205,0.04
GUM,2010,156,0.03
GUM,2011,93,0.02
GUM,2012,99,0.02
GUM,2013,114,0.03
GUM,2014,36,0.01
GUY,2000,63,0.03
GUY,2001,30,0.01
GUY,2002,55,0.02
GUY,2003,47,0.02
GUY,2004,68,0.03
GUY,2005,83,0.03
GUY,2006,40,0.01
GUY,2007,58,0.02
GUY,2008,80,0.02
GUY,2009,99,0.02
GUY,2010,140,0.02
GUY,2011,73,0.01
GUY,2012,66,0.01
GUY,2013,75,0.02
GUY,2014,26,0.01
HKG,2000,4966,2.19
HKG,2001,5100,2.18
HKG,2002,6774,2.84
HKG,2003,7178,2.81
HKG,2004,7634,2.85
HKG,2005,8231,3.21
HKG,2006,7445,2.38
HKG,2007,6912,2.31
HKG,2008,8732,2.7
HKG,2009,12022,2.26
HKG,2010,11706,1.96
HKG,2011,9607,1.82
HKG,2012,7726,1.74
HKG,2013,6221,1.72
HKG,2014,5638,1.81
HND,2000,223,0.1
HND,2001,194,0.08
HND,2002,93,0.04
HND,2003,202,0.08
HND,2004,268,0.1
HND,2005,188,0.07
HND,2006,113,0.04
HND,2007,157,0.05
HND,2008,293,0.09
HND,2009,1920,0.36
HND,2010,710,0.12
HND,2011,306,0.06
HND,2012,201,0.05
HND,2013,239,0.07
HND,2014,187,0.06
HRV,2000,641,0.28
HRV,2001,582,0.25
HRV,2002,742,0.31
HRV,2003,642,0.25
HRV,2004,920,0.34
HRV,2005,1002,0.39
HRV,2006,1170,0.37
HRV,2007,792,0.26
HRV,2008,1650,0.51
HRV,2009,1347,0.25
HRV,2010,1396,0.23
HRV,2011,1180,0.22
HRV,2012,968,0.22
HRV,2013,854,0.24
HRV,2014,1138,0.37
HTI,2000,100,0.04
HTI,2001,78,0.03
HTI,2002,43,0.02
HTI,2003,44,0.02
HTI,2004,854,0.32
HTI,2005,235,0.09
HTI,2006,232,0.07
HTI,2007,160,0.05
HTI,2008,235,0.07
HTI,2009,263,0.05
HTI,2010,3267,0.55
HTI,2011,677,0.13
HTI,2012,320,0.07
HTI,2013,247,0.07
HTI,2014,98,0.03
HUN,2000,597,0.26
HUN,2001,596,0.26
HUN,2002,482,0.2
HUN,2003,526,0.21
HUN,2004,839,0.31
HUN,2005,566,0.22
HUN,2006,693,0.22
HUN,2007,852,0.29
HUN,2008,1389,0.43
HUN,2009,1531,0.29
HUN,2010,1549,0.26
HUN,2011,1169,0.22
HUN,2012,996,0.22
HUN,2013,668,0.18
HUN,2014,684,0.22
IDN,2000,2436,1.07
IDN,2001,2354,1.01
IDN,2002,3211,1.35
IDN,2003,3437,1.35
IDN,2004,3222,1.2
IDN,2005,4060,1.59
IDN,2006,3788,1.21
IDN,2007,4120,1.38
IDN,2008,2812,0.87
IDN,2009,7030,1.32
IDN,2010,7533,1.26
IDN,2011,6961,1.32
IDN,2012,4815,1.09
IDN,2013,3227,0.89
IDN,2014,2307,0.74
IMN,2000,4,0
IMN,2001,7,0
IMN,2002,5,0
IMN,2003,8,0
IMN,2004,12,0
IMN,2005,3,0
IMN,2006,5,0
IMN,2007,13,0
IMN,2008,4,0
IMN,2009,10,0
IMN,2010,31,0.01
IMN,2011,39,0.01
IMN,2012,52,0.01
IMN,2013,49,0.01
IMN,2014,11,0
IND,2000,3090,1.36
IND,2001,3154,1.35
IND,2002,4462,1.87
IND,2003,4133,1.62
IND,2004,4016,1.5
IND,2005,4886,1.91
IND,2006,4533,1.45
IND,2007,3955,1.32
IND,2008,3495,1.08
IND,2009,9315,1.75
IND,2010,10416,1.75
IND,2011,7689,1.46
IND,2012,6586,1.49
IND,2013,5965,1.65
IND,2014,4808,1.55
IRL,2000,387,0.17
IRL,2001,556,0.24
IRL,2002,625,0.26
IRL,2003,474,0.19
IRL,2004,660,0.25
IRL,2005,506,0.2
IRL,2006,455,0.15
IRL,2007,379,0.13
IRL,2008,730,0.23
IRL,2009,1058,0.2
IRL,2010,1529,0.26
IRL,2011,1792,0.34
IRL,2012,1122,0.25
IRL,2013,668,0.18
IRL,2014,732,0.24
IRN,2000,2229,0.98
IRN,2001,1959,0.84
IRN,2002,2087,0.88
IRN,2003,2562,1
IRN,2004,2373,0.89
IRN,2005,2941,1.15
IRN,2006,5480,1.75
IRN,2007,4094,1.37
IRN,2008,2701,0.84
IRN,2009,6989,1.31
IRN,2010,7791,1.31
IRN,2011,5836,1.1
IRN,2012,7101,1.6
IRN,2013,4626,1.28
IRN,2014,2772,0.89
IRQ,2000,1828,0.81
IRQ,2001,1936,0.83
IRQ,2002,4797,2.01
IRQ,2003,17292,6.78
IRQ,2004,11056,4.12
IRQ,2005,5695,2.22
IRQ,2006,5152,1.65
IRQ,2007,5796,1.94
IRQ,2008,3025,0.94
IRQ,2009,4441,0.83
IRQ,2010,4549,0.76
IRQ,2011,3762,0.71
IRQ,2012,3136,0.71
IRQ,2013,3282,0.91
IRQ,2014,3648,1.17
ISL,2000,151,0.07
ISL,2001,80,0.03
ISL,2002,105,0.04
ISL,2003,145,0.06
ISL,2004,141,0.05
ISL,2005,136,0.05
ISL,2006,140,0.04
ISL,2007,160,0.05
ISL,2008,267,0.08
ISL,2009,363,0.07
ISL,2010,1031,0.17
ISL,2011,419,0.08
ISL,2012,256,0.06
ISL,2013,195,0.05
ISL,2014,215,0.07
ISR,2000,5602,2.47
ISR,2001,5642,2.42
ISR,2002,6582,2.76
ISR,2003,6005,2.35
ISR,2004,5363,2
ISR,2005,4974,1.94
ISR,2006,7261,2.32
ISR,2007,4550,1.52
ISR,2008,4306,1.33
ISR,2009,9436,1.77
ISR,2010,10482,1.76
ISR,2011,7613,1.44
ISR,2012,6882,1.55
ISR,2013,4722,1.3
ISR,2014,3800,1.22
ITA,2000,2677,1.18
ITA,2001,2754,1.18
ITA,2002,2905,1.22
ITA,2003,3081,1.21
ITA,2004,3531,1.32
ITA,2005,3352,1.31
ITA,2006,4227,1.35
ITA,2007,3045,1.02
ITA,2008,4356,1.35
ITA,2009,5650,1.06
ITA,2010,5761,0.97
ITA,2011,6365,1.21
ITA,2012,5383,1.22
ITA,2013,4227,1.17
ITA,2014,3866,1.24
JAM,2000,184,0.08
JAM,2001,227,0.1
JAM,2002,145,0.06
JAM,2003,186,0.07
JAM,2004,321,0.12
JAM,2005,264,0.1
JAM,2006,238,0.08
JAM,2007,247,0.08
JAM,2008,389,0.12
JAM,2009,610,0.11
JAM,2010,424,0.07
JAM,2011,377,0.07
JAM,2012,326,0.07
JAM,2013,366,0.1
JAM,2014,153,0.05
JEY,2000,7,0
JEY,2001,1,0
JEY,2002,4,0
JEY,2003,8,0
JEY,2004,10,0
JEY,2005,1,0
JEY,2006,4,0
JEY,2007,8,0
JEY,2008,2,0
JEY,2009,2,0
JEY,2010,29,0
JEY,2011,20,0
JEY,2012,7,0
JEY,2013,9,0
JEY,2014,6,0
JOR,2000,1193,0.53
JOR,2001,1504,0.64
JOR,2002,1409,0.59
JOR,2003,1817,0.71
JOR,2004,1737,0.65
JOR,2005,1024,0.4
JOR,2006,1149,0.37
JOR,2007,1298,0.43
JOR,2008,863,0.27
JOR,2009,1602,0.3
JOR,2010,2106,0.35
JOR,2011,1770,0.34
JOR,2012,1749,0.39
JOR,2013,1425,0.39
JOR,2014,862,0.28
JPN,2000,4952,2.18
JPN,2001,6022,2.58
JPN,2002,7343,3.08
JPN,2003,6840,2.68
JPN,2004,6571,2.45
JPN,2005,7078,2.76
JPN,2006,7561,2.42
JPN,2007,6772,2.27
JPN,2008,7420,2.29
JPN,2009,12666,2.38
JPN,2010,14521,2.43
JPN,2011,15531,2.94
JPN,2012,9882,2.23
JPN,2013,7971,2.2
JPN,2014,7046,2.26
KAZ,2000,581,0.26
KAZ,2001,567,0.24
KAZ,2002,832,0.35
KAZ,2003,515,0.2
KAZ,2004,594,0.22
KAZ,2005,812,0.32
KAZ,2006,1325,0.42
KAZ,2007,978,0.33
KAZ,2008,1179,0.36
KAZ,2009,1750,0.33
KAZ,2010,2857,0.48
KAZ,2011,1927,0.36
KAZ,2012,1496,0.34
KAZ,2013,1378,0.38
KAZ,2014,1190,0.38
KEN,2000,1755,0.77
KEN,2001,1814,0.78
KEN,2002,1772,0.74
KEN,2003,1872,0.73
KEN,2004,1839,0.69
KEN,2005,1986,0.78
KEN,2006,2140,0.68
KEN,2007,2187,0.73
KEN,2008,1624,0.5
KEN,2009,3091,0.58
KEN,2010,2786,0.47
KEN,2011,2994,0.57
KEN,2012,3415,0.77
KEN,2013,3005,0.83
KEN,2014,2320,0.75
KGZ,2000,263,0.12
KGZ,2001,201,0.09
KGZ,2002,236,0.1
KGZ,2003,154,0.06
KGZ,2004,206,0.08
KGZ,2005,451,0.18
KGZ,2006,434,0.14
KGZ,2007,315,0.11
KGZ,2008,342,0.11
KGZ,2009,643,0.12
KGZ,2010,1877,0.31
KGZ,2011,669,0.13
KGZ,2012,534,0.12
KGZ,2013,383,0.11
KGZ,2014,305,0.1
KHM,2000,755,0.33
KHM,2001,855,0.37
KHM,2002,1003,0.42
KHM,2003,1037,0.41
KHM,2004,1006,0.38
KHM,2005,1072,0.42
KHM,2006,1026,0.33
KHM,2007,1398,0.47
KHM,2008,944,0.29
KHM,2009,2958,0.56
KHM,2010,3069,0.51
KHM,2011,3712,0.7
KHM,2012,2629,0.59
KHM,2013,2108,0.58
KHM,2014,1407,0.45
KIR,2000,24,0.01
KIR,2001,9,0
KIR,2002,20,0.01
KIR,2003,16,0.01
KIR,2004,39,0.01
KIR,2005,28,0.01
KIR,2006,35,0.01
KIR,2007,33,0.01
KIR,2008,16,0
KIR,2009,105,0.02
KIR,2010,62,0.01
KIR,2011,74,0.01
KIR,2012,70,0.02
KIR,2013,50,0.01
KIR,2014,34,0.01
KNA,2000,0,0
KNA,2001,0,0
KNA,2002,0,0
KNA,2003,0,0
KNA,2004,0,0
KNA,2005,0,0
KNA,2006,0,0
KNA,2007,0,0
KNA,2008,0,0
KNA,2009,2,0
KNA,2010,0,0
KNA,2011,0,0
KNA,2012,0,0
KNA,2013,0,0
KNA,2014,0,0
KOR,2000,2998,1.32
KOR,2001,3358,1.44
KOR,2002,5299,2.22
KOR,2003,4404,1.73
KOR,2004,4225,1.58
KOR,2005,4314,1.68
KOR,2006,4996,1.6
KOR,2007,4599,1.54
KOR,2008,5466,1.69
KOR,2009,10850,2.04
KOR,2010,12900,2.16
KOR,2011,9068,1.72
KOR,2012,7291,1.65
KOR,2013,6205,1.71
KOR,2014,5476,1.76
KWT,2000,1252,0.55
KWT,2001,1242,0.53
KWT,2002,1317,0.55
KWT,2003,1536,0.6
KWT,2004,1351,0.5
KWT,2005,736,0.29
KWT,2006,843,0.27
KWT,2007,719,0.24
KWT,2008,413,0.13
KWT,2009,1060,0.2
KWT,2010,1063,0.18
KWT,2011,1300,0.25
KWT,2012,646,0.15
KWT,2013,448,0.12
KWT,2014,359,0.12
LAO,2000,429,0.19
LAO,2001,433,0.19
LAO,2002,570,0.24
LAO,2003,599,0.23
LAO,2004,702,0.26
LAO,2005,659,0.26
LAO,2006,648,0.21
LAO,2007,680,0.23
LAO,2008,606,0.19
LAO,2009,1412,0.27
LAO,2010,1553,0.26
LAO,2011,1857,0.35
LAO,2012,1180,0.27
LAO,2013,683,0.19
LAO,2014,586,0.19
LBN,2000,1885,0.83
LBN,2001,1181,0.51
LBN,2002,1187,0.5
LBN,2003,747,0.29
LBN,2004,650,0.24
LBN,2005,1230,0.48
LBN,2006,4287,1.37
LBN,2007,1840,0.62
LBN,2008,1109,0.34
LBN,2009,2151,0.4
LBN,2010,2266,0.38
LBN,2011,1596,0.3
LBN,2012,1946,0.44
LBN,2013,1945,0.54
LBN,2014,1052,0.34
LBR,2000,220,0.1
LBR,2001,348,0.15
LBR,2002,297,0.12
LBR,2003,693,0.27
LBR,2004,283,0.11
LBR,2005,289,0.11
LBR,2006,300,0.1
LBR,2007,280,0.09
LBR,2008,200,0.06
LBR,2009,293,0.06
LBR,2010,339,0.06
LBR,2011,452,0.09
LBR,2012,280,0.06
LBR,2013,181,0.05
LBR,2014,883,0.28
LBY,2000,454,0.2
LBY,2001,409,0.18
LBY,2002,382,0.16
LBY,2003,467,0.18
LBY,2004,745,0.28
LBY,2005,373,0.15
LBY,2006,348,0.11
LBY,2007,496,0.17
LBY,2008,377,0.12
LBY,2009,762,0.14
LBY,2010,947,0.16
LBY,2011,9227,1.75
LBY,2012,1912,0.43
LBY,2013,1233,0.34
LBY,2014,1284,0.41
LCA,2000,23,0.01
LCA,2001,7,0
LCA,2002,19,0.01
LCA,2003,19,0.01
LCA,2004,33,0.01
LCA,2005,36,0.01
LCA,2006,10,0
LCA,2007,25,0.01
LCA,2008,17,0.01
LCA,2009,11,0
LCA,2010,56,0.01
LCA,2011,15,0
LCA,2012,17,0
LCA,2013,26,0.01
LCA,2014,19,0.01
LIE,2000,67,0.03
LIE,2001,51,0.02
LIE,2002,34,0.01
LIE,2003,87,0.03
LIE,2004,90,0.03
LIE,2005,100,0.04
LIE,2006,80,0.03
LIE,2007,72,0.02
LIE,2008,78,0.02
LIE,2009,128,0.02
LIE,2010,95,0.02
LIE,2011,106,0.02
LIE,2012,46,0.01
LIE,2013,81,0.02
LIE,2014,61,0.02
LKA,2000,1079,0.48
LKA,2001,841,0.36
LKA,2002,956,0.4
LKA,2003,978,0.38
LKA,2004,1386,0.52
LKA,2005,1901,0.74
LKA,2006,1300,0.42
LKA,2007,1388,0.46
LKA,2008,784,0.24
LKA,2009,2963,0.56
LKA,2010,2860,0.48
LKA,2011,2476,0.47
LKA,2012,1969,0.44
LKA,2013,1289,0.36
LKA,2014,1026,0.33
LSO,2000,126,0.06
LSO,2001,143,0.06
LSO,2002,296,0.12
LSO,2003,182,0.07
LSO,2004,161,0.06
LSO,2005,116,0.05
LSO,2006,204,0.07
LSO,2007,254,0.08
LSO,2008,72,0.02
LSO,2009,159,0.03
LSO,2010,152,0.03
LSO,2011,122,0.02
LSO,2012,126,0.03
LSO,2013,127,0.04
LSO,2014,128,0.04
LTU,2000,251,0.11
LTU,2001,246,0.11
LTU,2002,241,0.1
LTU,2003,281,0.11
LTU,2004,401,0.15
LTU,2005,374,0.15
LTU,2006,351,0.11
LTU,2007,345,0.12
LTU,2008,604,0.19
LTU,2009,445,0.08
LTU,2010,398,0.07
LTU,2011,452,0.09
LTU,2012,351,0.08
LTU,2013,405,0.11
LTU,2014,717,0.23
LUX,2000,348,0.15
LUX,2001,281,0.12
LUX,2002,290,0.12
LUX,2003,257,0.1
LUX,2004,393,0.15
LUX,2005,646,0.25
LUX,2006,428,0.14
LUX,2007,346,0.12
LUX,2008,445,0.14
LUX,2009,612,0.11
LUX,2010,653,0.11
LUX,2011,555,0.11
LUX,2012,560,0.13
LUX,2013,381,0.11
LUX,2014,386,0.12
LVA,2000,260,0.11
LVA,2001,171,0.07
LVA,2002,191,0.08
LVA,2003,276,0.11
LVA,2004,450,0.17
LVA,2005,260,0.1
LVA,2006,340,0.11
LVA,2007,352,0.12
LVA,2008,499,0.15
LVA,2009,499,0.09
LVA,2010,603,0.1
LVA,2011,460,0.09
LVA,2012,326,0.07
LVA,2013,302,0.08
LVA,2014,685,0.22
MAC,2000,1241,0.55
MAC,2001,834,0.36
MAC,2002,895,0.38
MAC,2003,921,0.36
MAC,2004,985,0.37
MAC,2005,1301,0.51
MAC,2006,1175,0.38
MAC,2007,1195,0.4
MAC,2008,1475,0.46
MAC,2009,2218,0.42
MAC,2010,1998,0.33
MAC,2011,1256,0.24
MAC,2012,728,0.16
MAC,2013,500,0.14
MAC,2014,422,0.14
MAR,2000,611,0.27
MAR,2001,527,0.23
MAR,2002,625,0.26
MAR,2003,585,0.23
MAR,2004,696,0.26
MAR,2005,475,0.19
MAR,2006,460,0.15
MAR,2007,683,0.23
MAR,2008,494,0.15
MAR,2009,689,0.13
MAR,2010,729,0.12
MAR,2011,782,0.15
MAR,2012,846,0.19
MAR,2013,600,0.17
MAR,2014,517,0.17
MCO,2000,135,0.06
MCO,2001,79,0.03
MCO,2002,138,0.06
MCO,2003,132,0.05
MCO,2004,297,0.11
MCO,2005,194,0.08
MCO,2006,129,0.04
MCO,2007,114,0.04
MCO,2008,170,0.05
MCO,2009,246,0.05
MCO,2010,224,0.04
MCO,2011,146,0.03
MCO,2012,108,0.02
MCO,2013,132,0.04
MCO,2014,225,0.07
MDA,2000,179,0.08
MDA,2001,179,0.08
MDA,2002,89,0.04
MDA,2003,115,0.05
MDA,2004,96,0.04
MDA,2005,164,0.06
MDA,2006,192,0.06
MDA,2007,168,0.06
MDA,2008,178,0.06
MDA,2009,448,0.08
MDA,2010,322,0.05
MDA,2011,172,0.03
MDA,2012,186,0.04
MDA,2013,200,0.06
MDA,2014,203,0.07
MDG,2000,116,0.05
MDG,2001,122,0.05
MDG,2002,265,0.11
MDG,2003,119,0.05
MDG,2004,183,0.07
MDG,2005,177,0.07
MDG,2006,173,0.06
MDG,2007,421,0.14
MDG,2008,175,0.05
MDG,2009,884,0.17
MDG,2010,350,0.06
MDG,2011,278,0.05
MDG,2012,391,0.09
MDG,2013,392,0.11
MDG,2014,244,0.08
MDV,2000,84,0.04
MDV,2001,116,0.05
MDV,2002,114,0.05
MDV,2003,84,0.03
MDV,2004,334,0.12
MDV,2005,337,0.13
MDV,2006,96,0.03
MDV,2007,127,0.04
MDV,2008,107,0.03
MDV,2009,182,0.03
MDV,2010,396,0.07
MDV,2011,326,0.06
MDV,2012,483,0.11
MDV,2013,502,0.14
MDV,2014,397,0.13
MEX,2000,1119,0.49
MEX,2001,1218,0.52
MEX,2002,1200,0.5
MEX,2003,1578,0.62
MEX,2004,1577,0.59
MEX,2005,1304,0.51
MEX,2006,1472,0.47
MEX,2007,1408,0.47
MEX,2008,1941,0.6
MEX,2009,5240,0.98
MEX,2010,4127,0.69
MEX,2011,2360,0.45
MEX,2012,2060,0.47
MEX,2013,1578,0.44
MEX,2014,1224,0.39
MHL,2000,20,0.01
MHL,2001,25,0.01
MHL,2002,13,0.01
MHL,2003,19,0.01
MHL,2004,54,0.02
MHL,2005,25,0.01
MHL,2006,44,0.01
MHL,2007,35,0.01
MHL,2008,36,0.01
MHL,2009,135,0.03
MHL,2010,79,0.01
MHL,2011,47,0.01
MHL,2012,48,0.01
MHL,2013,67,0.02
MHL,2014,21,0.01
MKD,2000,214,0.09
MKD,2001,903,0.39
MKD,2002,250,0.1
MKD,2003,215,0.08
MKD,2004,268,0.1
MKD,2005,225,0.09
MKD,2006,268,0.09
MKD,2007,276,0.09
MKD,2008,321,0.1
MKD,2009,538,0.1
MKD,2010,375,0.06
MKD,2011,242,0.05
MKD,2012,244,0.06
MKD,2013,202,0.06
MKD,2014,259,0.08
MLI,2000,194,0.09
MLI,2001,213,0.09
MLI,2002,199,0.08
MLI,2003,188,0.07
MLI,2004,253,0.09
MLI,2005,152,0.06
MLI,2006,207,0.07
MLI,2007,358,0.12
MLI,2008,309,0.1
MLI,2009,534,0.1
MLI,2010,615,0.1
MLI,2011,411,0.08
MLI,2012,1399,0.32
MLI,2013,1579,0.44
MLI,2014,601,0.19
MLT,2000,143,0.06
MLT,2001,130,0.06
MLT,2002,111,0.05
MLT,2003,149,0.06
MLT,2004,157,0.06
MLT,2005,137,0.05
MLT,2006,99,0.03
MLT,2007,163,0.05
MLT,2008,160,0.05
MLT,2009,422,0.08
MLT,2010,164,0.03
MLT,2011,378,0.07
MLT,2012,147,0.03
MLT,2013,218,0.06
MLT,2014,398,0.13
MMR,2000,1067,0.47
MMR,2001,1076,0.46
MMR,2002,1479,0.62
MMR,2003,1377,0.54
MMR,2004,1398,0.52
MMR,2005,1438,0.56
MMR,2006,1411,0.45
MMR,2007,1821,0.61
MMR,2008,1319,0.41
MMR,2009,3686,0.69
MMR,2010,3711,0.62
MMR,2011,3591,0.68
MMR,2012,3744,0.85
MMR,2013,2459,0.68
MMR,2014,1694,0.54
MNE,2000,106,0.05
MNE,2001,105,0.04
MNE,2002,59,0.02
MNE,2003,437,0.17
MNE,2004,594,0.22
MNE,2005,770,0.3
MNE,2006,998,0.32
MNE,2007,125,0.04
MNE,2008,216,0.07
MNE,2009,211,0.04
MNE,2010,325,0.05
MNE,2011,219,0.04
MNE,2012,202,0.05
MNE,2013,200,0.06
MNE,2014,184,0.06
MNG,2000,342,0.15
MNG,2001,333,0.14
MNG,2002,320,0.13
MNG,2003,237,0.09
MNG,2004,207,0.08
MNG,2005,354,0.14
MNG,2006,480,0.15
MNG,2007,320,0.11
MNG,2008,601,0.19
MNG,2009,694,0.13
MNG,2010,1029,0.17
MNG,2011,752,0.14
MNG,2012,677,0.15
MNG,2013,367,0.1
MNG,2014,364,0.12
MNP,2000,0,0
MNP,2001,0,0
MNP,2002,0,0
MNP,2003,1,0
MNP,2004,3,0
MNP,2005,4,0
MNP,2006,4,0
MNP,2007,8,0
MNP,2008,2,0
MNP,2009,7,0
MNP,2010,4,0
MNP,2011,10,0
MNP,2012,9,0
MNP,2013,9,0
MNP,2014,1,0
MOZ,2000,728,0.32
MOZ,2001,709,0.3
MOZ,2002,752,0.32
MOZ,2003,863,0.34
MOZ,2004,653,0.24
MOZ,2005,478,0.19
MOZ,2006,460,0.15
MOZ,2007,724,0.24
MOZ,2008,207,0.06
MOZ,2009,896,0.17
MOZ,2010,649,0.11
MOZ,2011,795,0.15
MOZ,2012,619,0.14
MOZ,2013,493,0.14
MOZ,2014,424,0.14
MRT,2000,84,0.04
MRT,2001,62,0.03
MRT,2002,61,0.03
MRT,2003,90,0.04
MRT,2004,110,0.04
MRT,2005,119,0.05
MRT,2006,110,0.04
MRT,2007,194,0.06
MRT,2008,147,0.05
MRT,2009,380,0.07
MRT,2010,357,0.06
MRT,2011,253,0.05
MRT,2012,270,0.06
MRT,2013,145,0.04
MRT,2014,118,0.04
MSR,2000,5,0
MSR,2001,2,0
MSR,2002,6,0
MSR,2003,5,0
MSR,2004,3,0
MSR,2005,10,0
MSR,2006,3,0
MSR,2007,0,0
MSR,2008,3,0
MSR,2009,3,0
MSR,2010,13,0
MSR,2011,7,0
MSR,2012,0,0
MSR,2013,5,0
MSR,2014,3,0
MTQ,2000,1,0
MTQ,2001,6,0
MTQ,2002,12,0.01
MTQ,2003,7,0
MTQ,2004,21,0.01
MTQ,2005,31,0.01
MTQ,2006,7,0
MTQ,2007,9,0
MTQ,2008,0,0
MTQ,2009,6,0
MTQ,2010,18,0
MTQ,2011,10,0
MTQ,2012,8,0
MTQ,2013,16,0
MTQ,2014,2,0
MUS,2000,193,0.09
MUS,2001,187,0.08
MUS,2002,233,0.1
MUS,2003,199,0.08
MUS,2004,229,0.09
MUS,2005,180,0.07
MUS,2006,183,0.06
MUS,2007,224,0.07
MUS,2008,176,0.05
MUS,2009,314,0.06
MUS,2010,333,0.06
MUS,2011,215,0.04
MUS,2012,211,0.05
MUS,2013,190,0.05
MUS,2014,110,0.04
MWI,2000,236,0.1
MWI,2001,334,0.14
MWI,2002,444,0.19
MWI,2003,391,0.15
MWI,2004,503,0.19
MWI,2005,279,0.11
MWI,2006,522,0.17
MWI,2007,438,0.15
MWI,2008,146,0.05
MWI,2009,497,0.09
MWI,2010,409,0.07
MWI,2011,296,0.06
MWI,2012,440,0.1
MWI,2013,252,0.07
MWI,2014,173,0.06
MYS,2000,1823,0.8
MYS,2001,1699,0.73
MYS,2002,2312,0.97
MYS,2003,2359,0.92
MYS,2004,2458,0.92
MYS,2005,2390,0.93
MYS,2006,2907,0.93
MYS,2007,3033,1.01
MYS,2008,1865,0.58
MYS,2009,4872,0.92
MYS,2010,4943,0.83
MYS,2011,4153,0.79
MYS,2012,3003,0.68
MYS,2013,2856,0.79
MYS,2014,2996,0.96
MYT,2000,0,0
MYT,2001,5,0
MYT,2002,1,0
MYT,2003,0,0
MYT,2004,0,0
MYT,2005,0,0
MYT,2006,1,0
MYT,2007,18,0.01
MYT,2008,6,0
MYT,2009,4,0
MYT,2010,0,0
MYT,2011,9,0
MYT,2012,11,0
MYT,2013,0,0
MYT,2014,5,0
NAM,2000,566,0.25
NAM,2001,477,0.2
NAM,2002,421,0.18
NAM,2003,351,0.14
NAM,2004,317,0.12
NAM,2005,192,0.07
NAM,2006,317,0.1
NAM,2007,467,0.16
NAM,2008,228,0.07
NAM,2009,296,0.06
NAM,2010,373,0.06
NAM,2011,353,0.07
NAM,2012,321,0.07
NAM,2013,291,0.08
NAM,2014,220,0.07
NCL,2000,11,0
NCL,2001,5,0
NCL,2002,11,0
NCL,2003,3,0
NCL,2004,23,0.01
NCL,2005,21,0.01
NCL,2006,24,0.01
NCL,2007,48,0.02
NCL,2008,19,0.01
NCL,2009,122,0.02
NCL,2010,38,0.01
NCL,2011,40,0.01
NCL,2012,52,0.01
NCL,2013,21,0.01
NCL,2014,13,0
NER,2000,117,0.05
NER,2001,101,0.04
NER,2002,136,0.06
NER,2003,205,0.08
NER,2004,185,0.07
NER,2005,190,0.07
NER,2006,198,0.06
NER,2007,327,0.11
NER,2008,130,0.04
NER,2009,318,0.06
NER,2010,526,0.09
NER,2011,527,0.1
NER,2012,430,0.1
NER,2013,390,0.11
NER,2014,200,0.06
NFK,2000,10,0
NFK,2001,20,0.01
NFK,2002,13,0.01
NFK,2003,29,0.01
NFK,2004,10,0
NFK,2005,9,0
NFK,2006,7,0
NFK,2007,12,0
NFK,2008,11,0
NFK,2009,45,0.01
NFK,2010,41,0.01
NFK,2011,26,0
NFK,2012,31,0.01
NFK,2013,12,0
NFK,2014,13,0
NGA,2000,1479,0.65
NGA,2001,1564,0.67
NGA,2002,2001,0.84
NGA,2003,2302,0.9
NGA,2004,2471,0.92
NGA,2005,1880,0.73
NGA,2006,2226,0.71
NGA,2007,2597,0.87
NGA,2008,1607,0.5
NGA,2009,2948,0.55
NGA,2010,3059,0.51
NGA,2011,2213,0.42
NGA,2012,2526,0.57
NGA,2013,2205,0.61
NGA,2014,2283,0.73
NIC,2000,204,0.09
NIC,2001,168,0.07
NIC,2002,97,0.04
NIC,2003,206,0.08
NIC,2004,218,0.08
NIC,2005,169,0.07
NIC,2006,168,0.05
NIC,2007,186,0.06
NIC,2008,322,0.1
NIC,2009,710,0.13
NIC,2010,379,0.06
NIC,2011,264,0.05
NIC,2012,187,0.04
NIC,2013,186,0.05
NIC,2014,111,0.04
NIU,2000,5,0
NIU,2001,2,0
NIU,2002,2,0
NIU,2003,4,0
NIU,2004,52,0.02
NIU,2005,23,0.01
NIU,2006,54,0.02
NIU,2007,36,0.01
NIU,2008,24,0.01
NIU,2009,135,0.03
NIU,2010,38,0.01
NIU,2011,62,0.01
NIU,2012,41,0.01
NIU,2013,18,0
NIU,2014,15,0
NLD,2000,1730,0.76
NLD,2001,1482,0.63
NLD,2002,1408,0.59
NLD,2003,1438,0.56
NLD,2004,1892,0.71
NLD,2005,1858,0.73
NLD,2006,2109,0.67
NLD,2007,1561,0.52
NLD,2008,2800,0.87
NLD,2009,2615,0.49
NLD,2010,3408,0.57
NLD,2011,2305,0.44
NLD,2012,2264,0.51
NLD,2013,2054,0.57
NLD,2014,2297,0.74
NOR,2000,872,0.38
NOR,2001,781,0.33
NOR,2002,740,0.31
NOR,2003,807,0.32
NOR,2004,1034,0.39
NOR,2005,919,0.36
NOR,2006,1225,0.39
NOR,2007,1029,0.34
NOR,2008,1437,0.44
NOR,2009,1562,0.29
NOR,2010,1801,0.3
NOR,2011,1662,0.31
NOR,2012,1217,0.27
NOR,2013,901,0.25
NOR,2014,1102,0.35
NPL,2000,657,0.29
NPL,2001,771,0.33
NPL,2002,819,0.34
NPL,2003,760,0.3
NPL,2004,844,0.31
NPL,2005,1801,0.7
NPL,2006,2208,0.71
NPL,2007,2407,0.81
NPL,2008,1202,0.37
NPL,2009,3291,0.62
NPL,2010,2922,0.49
NPL,2011,1749,0.33
NPL,2012,1082,0.24
NPL,2013,827,0.23
NPL,2014,810,0.26
NRU,2000,31,0.01
NRU,2001,40,0.02
NRU,2002,38,0.02
NRU,2003,19,0.01
NRU,2004,93,0.03
NRU,2005,33,0.01
NRU,2006,32,0.01
NRU,2007,33,0.01
NRU,2008,21,0.01
NRU,2009,89,0.02
NRU,2010,130,0.02
NRU,2011,82,0.02
NRU,2012,70,0.02
NRU,2013,55,0.02
NRU,2014,42,0.01
NZL,2000,1599,0.7
NZL,2001,1239,0.53
NZL,2002,1236,0.52
NZL,2003,1688,0.66
NZL,2004,1658,0.62
NZL,2005,1948,0.76
NZL,2006,1841,0.59
NZL,2007,1614,0.54
NZL,2008,2251,0.7
NZL,2009,4259,0.8
NZL,2010,4760,0.8
NZL,2011,4614,0.87
NZL,2012,3505,0.79
NZL,2013,3222,0.89
NZL,2014,2780,0.89
OMN,2000,383,0.17
OMN,2001,316,0.14
OMN,2002,212,0.09
OMN,2003,199,0.08
OMN,2004,401,0.15
OMN,2005,195,0.08
OMN,2006,214,0.07
OMN,2007,278,0.09
OMN,2008,263,0.08
OMN,2009,356,0.07
OMN,2010,534,0.09
OMN,2011,591,0.11
OMN,2012,389,0.09
OMN,2013,273,0.08
OMN,2014,168,0.05
PAK,2000,1967,0.87
PAK,2001,3013,1.29
PAK,2002,3526,1.48
PAK,2003,2938,1.15
PAK,2004,3264,1.22
PAK,2005,3263,1.27
PAK,2006,3300,1.06
PAK,2007,3415,1.14
PAK,2008,2652,0.82
PAK,2009,9123,1.71
PAK,2010,10152,1.7
PAK,2011,7872,1.49
PAK,2012,5556,1.25
PAK,2013,4516,1.25
PAK,2014,3147,1.01
PAN,2000,269,0.12
PAN,2001,180,0.08
PAN,2002,176,0.07
PAN,2003,211,0.08
PAN,2004,293,0.11
PAN,2005,299,0.12
PAN,2006,285,0.09
PAN,2007,263,0.09
PAN,2008,480,0.15
PAN,2009,758,0.14
PAN,2010,817,0.14
PAN,2011,577,0.11
PAN,2012,235,0.05
PAN,2013,280,0.08
PAN,2014,155,0.05
PCN,2000,0,0
PCN,2001,2,0
PCN,2002,1,0
PCN,2003,0,0
PCN,2004,0,0
PCN,2005,0,0
PCN,2006,0,0
PCN,2007,0,0
PCN,2008,0,0
PCN,2009,6,0
PCN,2010,4,0
PCN,2011,4,0
PCN,2012,0,0
PCN,2013,1,0
PCN,2014,0,0
PER,2000,575,0.25
PER,2001,568,0.24
PER,2002,430,0.18
PER,2003,585,0.23
PER,2004,793,0.3
PER,2005,742,0.29
PER,2006,661,0.21
PER,2007,846,0.28
PER,2008,1326,0.41
PER,2009,1163,0.22
PER,2010,1155,0.19
PER,2011,857,0.16
PER,2012,549,0.12
PER,2013,705,0.19
PER,2014,442,0.14
PHL,2000,1592,0.7
PHL,2001,1682,0.72
PHL,2002,2551,1.07
PHL,2003,2681,1.05
PHL,2004,2498,0.93
PHL,2005,2124,0.83
PHL,2006,2034,0.65
PHL,2007,2217,0.74
PHL,2008,1444,0.45
PHL,2009,5496,1.03
PHL,2010,4920,0.82
PHL,2011,4141,0.78
PHL,2012,3219,0.73
PHL,2013,3019,0.83
PHL,2014,1987,0.64
PLW,2000,22,0.01
PLW,2001,10,0
PLW,2002,8,0
PLW,2003,16,0.01
PLW,2004,62,0.02
PLW,2005,24,0.01
PLW,2006,47,0.02
PLW,2007,33,0.01
PLW,2008,28,0.01
PLW,2009,103,0.02
PLW,2010,54,0.01
PLW,2011,46,0.01
PLW,2012,77,0.02
PLW,2013,67,0.02
PLW,2014,22,0.01
PNG,2000,140,0.06
PNG,2001,173,0.07
PNG,2002,183,0.08
PNG,2003,213,0.08
PNG,2004,313,0.12
PNG,2005,209,0.08
PNG,2006,339,0.11
PNG,2007,318,0.11
PNG,2008,202,0.06
PNG,2009,687,0.13
PNG,2010,748,0.13
PNG,2011,624,0.12
PNG,2012,508,0.11
PNG,2013,341,0.09
PNG,2014,272,0.09
POL,2000,617,0.27
POL,2001,686,0.29
POL,2002,811,0.34
POL,2003,742,0.29
POL,2004,1012,0.38
POL,2005,1141,0.45
POL,2006,1782,0.57
POL,2007,2195,0.73
POL,2008,2707,0.84
POL,2009,2840,0.53
POL,2010,2902,0.49
POL,2011,2087,0.4
POL,2012,1914,0.43
POL,2013,1442,0.4
POL,2014,1699,0.55
PRI,2000,68,0.03
PRI,2001,32,0.01
PRI,2002,69,0.03
PRI,2003,66,0.03
PRI,2004,198,0.07
PRI,2005,127,0.05
PRI,2006,206,0.07
PRI,2007,120,0.04
PRI,2008,114,0.04
PRI,2009,150,0.03
PRI,2010,257,0.04
PRI,2011,125,0.02
PRI,2012,129,0.03
PRI,2013,140,0.04
PRI,2014,123,0.04
PRK,2000,50,0.02
PRK,2001,42,0.02
PRK,2002,97,0.04
PRK,2003,167,0.07
PRK,2004,108,0.04
PRK,2005,174,0.07
PRK,2006,111,0.04
PRK,2007,90,0.03
PRK,2008,109,0.03
PRK,2009,505,0.09
PRK,2010,419,0.07
PRK,2011,227,0.04
PRK,2012,211,0.05
PRK,2013,387,0.11
PRK,2014,139,0.04
PRT,2000,778,0.34
PRT,2001,703,0.3
PRT,2002,1031,0.43
PRT,2003,846,0.33
PRT,2004,1331,0.5
PRT,2005,870,0.34
PRT,2006,1162,0.37
PRT,2007,878,0.29
PRT,2008,1160,0.36
PRT,2009,1363,0.26
PRT,2010,2538,0.43
PRT,2011,1942,0.37
PRT,2012,1732,0.39
PRT,2013,1104,0.3
PRT,2014,1361,0.44
PRY,2000,275,0.12
PRY,2001,364,0.16
PRY,2002,514,0.22
PRY,2003,358,0.14
PRY,2004,459,0.17
PRY,2005,316,0.12
PRY,2006,520,0.17
PRY,2007,340,0.11
PRY,2008,439,0.14
PRY,2009,656,0.12
PRY,2010,883,0.15
PRY,2011,331,0.06
PRY,2012,277,0.06
PRY,2013,307,0.08
PRY,2014,151,0.05
PSE,2000,783,0.34
PSE,2001,758,0.32
PSE,2002,1449,0.61
PSE,2003,951,0.37
PSE,2004,691,0.26
PSE,2005,462,0.18
PSE,2006,791,0.25
PSE,2007,499,0.17
PSE,2008,396,0.12
PSE,2009,792,0.15
PSE,2010,916,0.15
PSE,2011,1102,0.21
PSE,2012,717,0.16
PSE,2013,474,0.13
PSE,2014,574,0.18
PYF,2000,4,0
PYF,2001,4,0
PYF,2002,6,0
PYF,2003,4,0
PYF,2004,14,0.01
PYF,2005,5,0
PYF,2006,20,0.01
PYF,2007,14,0
PYF,2008,10,0
PYF,2009,113,0.02
PYF,2010,54,0.01
PYF,2011,23,0
PYF,2012,14,0
PYF,2013,10,0
PYF,2014,5,0
QAT,2000,561,0.25
QAT,2001,755,0.32
QAT,2002,677,0.28
QAT,2003,1160,0.45
QAT,2004,1225,0.46
QAT,2005,734,0.29
QAT,2006,1094,0.35
QAT,2007,698,0.23
QAT,2008,646,0.2
QAT,2009,1350,0.25
QAT,2010,1722,0.29
QAT,2011,1848,0.35
QAT,2012,1724,0.39
QAT,2013,1215,0.34
QAT,2014,700,0.22
REU,2000,19,0.01
REU,2001,11,0
REU,2002,5,0
REU,2003,20,0.01
REU,2004,8,0
REU,2005,14,0.01
REU,2006,18,0.01
REU,2007,36,0.01
REU,2008,14,0
REU,2009,35,0.01
REU,2010,34,0.01
REU,2011,20,0
REU,2012,12,0
REU,2013,5,0
REU,2014,12,0
ROU,2000,975,0.43
ROU,2001,723,0.31
ROU,2002,524,0.22
ROU,2003,618,0.24
ROU,2004,907,0.34
ROU,2005,898,0.35
ROU,2006,1029,0.33
ROU,2007,1162,0.39
ROU,2008,1736,0.54
ROU,2009,1894,0.36
ROU,2010,1528,0.26
ROU,2011,1375,0.26
ROU,2012,1211,0.27
ROU,2013,1106,0.31
ROU,2014,1040,0.33
RUS,2000,4772,2.1
RUS,2001,5186,2.22
RUS,2002,4810,2.02
RUS,2003,6038,2.37
RUS,2004,6128,2.29
RUS,2005,5897,2.3
RUS,2006,7318,2.34
RUS,2007,6786,2.27
RUS,2008,9539,2.95
RUS,2009,11930,2.24
RUS,2010,16594,2.78
RUS,2011,12304,2.33
RUS,2012,10931,2.47
RUS,2013,9147,2.53
RUS,2014,9920,3.19
RWA,2000,713,0.31
RWA,2001,742,0.32
RWA,2002,665,0.28
RWA,2003,681,0.27
RWA,2004,973,0.36
RWA,2005,629,0.25
RWA,2006,496,0.16
RWA,2007,480,0.16
RWA,2008,337,0.1
RWA,2009,910,0.17
RWA,2010,768,0.13
RWA,2011,522,0.1
RWA,2012,633,0.14
RWA,2013,513,0.14
RWA,2014,421,0.14
SAU,2000,1184,0.52
SAU,2001,1038,0.44
SAU,2002,1332,0.56
SAU,2003,1371,0.54
SAU,2004,1361,0.51
SAU,2005,945,0.37
SAU,2006,1314,0.42
SAU,2007,1331,0.45
SAU,2008,850,0.26
SAU,2009,1917,0.36
SAU,2010,2261,0.38
SAU,2011,2495,0.47
SAU,2012,1971,0.45
SAU,2013,1579,0.44
SAU,2014,1127,0.36
SDN,2000,602,0.27
SDN,2001,549,0.24
SDN,2002,812,0.34
SDN,2003,791,0.31
SDN,2004,2032,0.76
SDN,2005,1621,0.63
SDN,2006,2001,0.64
SDN,2007,1904,0.64
SDN,2008,929,0.29
SDN,2009,2095,0.39
SDN,2010,2452,0.41
SDN,2011,2307,0.44
SDN,2012,2112,0.48
SDN,2013,1322,0.37
SDN,2014,732,0.24
SEN,2000,249,0.11
SEN,2001,307,0.13
SEN,2002,729,0.31
SEN,2003,368,0.14
SEN,2004,360,0.13
SEN,2005,277,0.11
SEN,2006,427,0.14
SEN,2007,504,0.17
SEN,2008,332,0.1
SEN,2009,557,0.1
SEN,2010,480,0.08
SEN,2011,352,0.07
SEN,2012,630,0.14
SEN,2013,385,0.11
SEN,2014,321,0.1
SGP,2000,2115,0.93
SGP,2001,2199,0.94
SGP,2002,3052,1.28
SGP,2003,3081,1.21
SGP,2004,3318,1.24
SGP,2005,4501,1.76
SGP,2006,4563,1.46
SGP,2007,4351,1.46
SGP,2008,2591,0.8
SGP,2009,6880,1.29
SGP,2010,7161,1.2
SGP,2011,6506,1.23
SGP,2012,5335,1.2
SGP,2013,4371,1.21
SGP,2014,3555,1.14
SHN,2000,0,0
SHN,2001,1,0
SHN,2002,3,0
SHN,2003,0,0
SHN,2004,0,0
SHN,2005,0,0
SHN,2006,1,0
SHN,2007,3,0
SHN,2008,3,0
SHN,2009,2,0
SHN,2010,2,0
SHN,2011,0,0
SHN,2012,2,0
SHN,2013,3,0
SHN,2014,0,0
SJM,2000,0,0
SJM,2001,9,0
SJM,2002,3,0
SJM,2003,0,0
SJM,2004,0,0
SJM,2005,1,0
SJM,2006,2,0
SJM,2007,1,0
SJM,2008,11,0
SJM,2009,7,0
SJM,2010,1,0
SJM,2011,0,0
SJM,2012,8,0
SJM,2013,4,0
SJM,2014,0,0
SLB,2000,122,0.05
SLB,2001,22,0.01
SLB,2002,12,0.01
SLB,2003,74,0.03
SLB,2004,118,0.04
SLB,2005,53,0.02
SLB,2006,234,0.07
SLB,2007,212,0.07
SLB,2008,38,0.01
SLB,2009,162,0.03
SLB,2010,270,0.05
SLB,2011,153,0.03
SLB,2012,142,0.03
SLB,2013,127,0.04
SLB,2014,99,0.03
SLE,2000,813,0.36
SLE,2001,560,0.24
SLE,2002,416,0.17
SLE,2003,262,0.1
SLE,2004,146,0.05
SLE,2005,142,0.06
SLE,2006,191,0.06
SLE,2007,197,0.07
SLE,2008,170,0.05
SLE,2009,241,0.05
SLE,2010,322,0.05
SLE,2011,209,0.04
SLE,2012,286,0.06
SLE,2013,184,0.05
SLE,2014,898,0.29
SLV,2000,140,0.06
SLV,2001,240,0.1
SLV,2002,146,0.06
SLV,2003,214,0.08
SLV,2004,246,0.09
SLV,2005,171,0.07
SLV,2006,178,0.06
SLV,2007,161,0.05
SLV,2008,491,0.15
SLV,2009,956,0.18
SLV,2010,764,0.13
SLV,2011,521,0.1
SLV,2012,134,0.03
SLV,2013,175,0.05
SLV,2014,214,0.07
SMR,2000,49,0.02
SMR,2001,30,0.01
SMR,2002,50,0.02
SMR,2003,87,0.03
SMR,2004,78,0.03
SMR,2005,77,0.03
SMR,2006,67,0.02
SMR,2007,47,0.02
SMR,2008,65,0.02
SMR,2009,139,0.03
SMR,2010,58,0.01
SMR,2011,27,0.01
SMR,2012,28,0.01
SMR,2013,63,0.02
SMR,2014,16,0.01
SOM,2000,346,0.15
SOM,2001,359,0.15
SOM,2002,367,0.15
SOM,2003,332,0.13
SOM,2004,431,0.16
SOM,2005,491,0.19
SOM,2006,754,0.24
SOM,2007,1021,0.34
SOM,2008,831,0.26
SOM,2009,2534,0.48
SOM,2010,2108,0.35
SOM,2011,1960,0.37
SOM,2012,1801,0.41
SOM,2013,1222,0.34
SOM,2014,929,0.3
SPM,2000,0,0
SPM,2001,0,0
SPM,2002,0,0
SPM,2003,0,0
SPM,2004,0,0
SPM,2005,0,0
SPM,2006,0,0
SPM,2007,3,0
SPM,2008,0,0
SPM,2009,0,0
SPM,2010,0,0
SPM,2011,0,0
SPM,2012,0,0
SPM,2013,0,0
SPM,2014,0,0
SRB,2000,173,0.08
SRB,2001,281,0.12
SRB,2002,73,0.03
SRB,2003,502,0.2
SRB,2004,652,0.24
SRB,2005,870,0.34
SRB,2006,1398,0.45
SRB,2007,1293,0.43
SRB,2008,1750,0.54
SRB,2009,1732,0.33
SRB,2010,2331,0.39
SRB,2011,1799,0.34
SRB,2012,1558,0.35
SRB,2013,1081,0.3
SRB,2014,1071,0.34
SSD,2000,3,0
SSD,2001,0,0
SSD,2002,0,0
SSD,2003,1,0
SSD,2004,0,0
SSD,2005,6,0
SSD,2006,33,0.01
SSD,2007,48,0.02
SSD,2008,8,0
SSD,2009,51,0.01
SSD,2010,104,0.02
SSD,2011,828,0.16
SSD,2012,1478,0.33
SSD,2013,1004,0.28
SSD,2014,1100,0.35
SUR,2000,41,0.02
SUR,2001,15,0.01
SUR,2002,26,0.01
SUR,2003,26,0.01
SUR,2004,52,0.02
SUR,2005,48,0.02
SUR,2006,21,0.01
SUR,2007,51,0.02
SUR,2008,76,0.02
SUR,2009,90,0.02
SUR,2010,73,0.01
SUR,2011,76,0.01
SUR,2012,58,0.01
SUR,2013,78,0.02
SUR,2014,26,0.01
SVK,2000,663,0.29
SVK,2001,561,0.24
SVK,2002,589,0.25
SVK,2003,623,0.24
SVK,2004,787,0.29
SVK,2005,912,0.36
SVK,2006,806,0.26
SVK,2007,680,0.23
SVK,2008,855,0.26
SVK,2009,1267,0.24
SVK,2010,1388,0.23
SVK,2011,1055,0.2
SVK,2012,828,0.19
SVK,2013,701,0.19
SVK,2014,1053,0.34
SVN,2000,390,0.17
SVN,2001,459,0.2
SVN,2002,609,0.26
SVN,2003,509,0.2
SVN,2004,502,0.19
SVN,2005,590,0.23
SVN,2006,671,0.21
SVN,2007,646,0.22
SVN,2008,1053,0.33
SVN,2009,1053,0.2
SVN,2010,1227,0.21
SVN,2011,968,0.18
SVN,2012,833,0.19
SVN,2013,625,0.17
SVN,2014,821,0.26
SWE,2000,1581,0.7
SWE,2001,1516,0.65
SWE,2002,1435,0.6
SWE,2003,1191,0.47
SWE,2004,1693,0.63
SWE,2005,1578,0.62
SWE,2006,1961,0.63
SWE,2007,1500,0.5
SWE,2008,2308,0.71
SWE,2009,2525,0.47
SWE,2010,2964,0.5
SWE,2011,2209,0.42
SWE,2012,1711,0.39
SWE,2013,1059,0.29
SWE,2014,1342,0.43
SWZ,2000,155,0.07
SWZ,2001,139,0.06
SWZ,2002,249,0.1
SWZ,2003,177,0.07
SWZ,2004,163,0.06
SWZ,2005,94,0.04
SWZ,2006,146,0.05
SWZ,2007,186,0.06
SWZ,2008,93,0.03
SWZ,2009,208,0.04
SWZ,2010,120,0.02
SWZ,2011,134,0.03
SWZ,2012,75,0.02
SWZ,2013,48,0.01
SWZ,2014,48,0.02
SXM,2000,0,0
SXM,2001,0,0
SXM,2002,0,0
SXM,2003,0,0
SXM,2004,0,0
SXM,2005,1,0
SXM,2006,0,0
SXM,2007,0,0
SXM,2008,1,0
SXM,2009,0,0
SXM,2010,0,0
SXM,2011,0,0
SXM,2012,6,0
SXM,2013,8,0
SXM,2014,0,0
SYC,2000,98,0.04
SYC,2001,93,0.04
SYC,2002,154,0.06
SYC,2003,145,0.06
SYC,2004,120,0.04
SYC,2005,96,0.04
SYC,2006,132,0.04
SYC,2007,208,0.07
SYC,2008,106,0.03
SYC,2009,223,0.04
SYC,2010,323,0.05
SYC,2011,219,0.04
SYC,2012,202,0.05
SYC,2013,109,0.03
SYC,2014,66,0.02
SYR,2000,1542,0.68
SYR,2001,1016,0.44
SYR,2002,743,0.31
SYR,2003,1367,0.54
SYR,2004,1023,0.38
SYR,2005,1442,0.56
SYR,2006,1621,0.52
SYR,2007,1345,0.45
SYR,2008,990,0.31
SYR,2009,1815,0.34
SYR,2010,2009,0.34
SYR,2011,4957,0.94
SYR,2012,10364,2.34
SYR,2013,8130,2.25
SYR,2014,4263,1.37
TCA,2000,0,0
TCA,2001,0,0
TCA,2002,0,0
TCA,2003,0,0
TCA,2004,0,0
TCA,2005,0,0
TCA,2006,1,0
TCA,2007,0,0
TCA,2008,0,0
TCA,2009,0,0
TCA,2010,0,0
TCA,2011,0,0
TCA,2012,0,0
TCA,2013,0,0
TCA,2014,0,0
TCD,2000,61,0.03
TCD,2001,68,0.03
TCD,2002,66,0.03
TCD,2003,90,0.04
TCD,2004,387,0.14
TCD,2005,185,0.07
TCD,2006,258,0.08
TCD,2007,352,0.12
TCD,2008,306,0.09
TCD,2009,321,0.06
TCD,2010,416,0.07
TCD,2011,238,0.05
TCD,2012,177,0.04
TCD,2013,330,0.09
TCD,2014,261,0.08
TGO,2000,212,0.09
TGO,2001,155,0.07
TGO,2002,131,0.05
TGO,2003,82,0.03
TGO,2004,157,0.06
TGO,2005,288,0.11
TGO,2006,341,0.11
TGO,2007,332,0.11
TGO,2008,216,0.07
TGO,2009,301,0.06
TGO,2010,460,0.08
TGO,2011,205,0.04
TGO,2012,245,0.06
TGO,2013,185,0.05
TGO,2014,119,0.04
THA,2000,2130,0.94
THA,2001,2398,1.03
THA,2002,3757,1.58
THA,2003,3385,1.33
THA,2004,3732,1.39
THA,2005,3682,1.44
THA,2006,4036,1.29
THA,2007,4037,1.35
THA,2008,2972,0.92
THA,2009,6840,1.28
THA,2010,7051,1.18
THA,2011,5713,1.08
THA,2012,3879,0.88
THA,2013,3290,0.91
THA,2014,2297,0.74
TJK,2000,260,0.11
TJK,2001,369,0.16
TJK,2002,235,0.1
TJK,2003,166,0.07
TJK,2004,201,0.07
TJK,2005,226,0.09
TJK,2006,492,0.16
TJK,2007,234,0.08
TJK,2008,380,0.12
TJK,2009,483,0.09
TJK,2010,690,0.12
TJK,2011,487,0.09
TJK,2012,432,0.1
TJK,2013,224,0.06
TJK,2014,409,0.13
TKL,2000,1,0
TKL,2001,2,0
TKL,2002,3,0
TKL,2003,0,0
TKL,2004,2,0
TKL,2005,10,0
TKL,2006,11,0
TKL,2007,23,0.01
TKL,2008,2,0
TKL,2009,21,0
TKL,2010,14,0
TKL,2011,22,0
TKL,2012,12,0
TKL,2013,7,0
TKL,2014,7,0
TKM,2000,159,0.07
TKM,2001,135,0.06
TKM,2002,167,0.07
TKM,2003,97,0.04
TKM,2004,114,0.04
TKM,2005,108,0.04
TKM,2006,164,0.05
TKM,2007,172,0.06
TKM,2008,226,0.07
TKM,2009,308,0.06
TKM,2010,338,0.06
TKM,2011,275,0.05
TKM,2012,151,0.03
TKM,2013,195,0.05
TKM,2014,209,0.07
TLS,2000,467,0.21
TLS,2001,257,0.11
TLS,2002,509,0.21
TLS,2003,287,0.11
TLS,2004,223,0.08
TLS,2005,188,0.07
TLS,2006,271,0.09
TLS,2007,131,0.04
TLS,2008,110,0.03
TLS,2009,182,0.03
TLS,2010,275,0.05
TLS,2011,173,0.03
TLS,2012,187,0.04
TLS,2013,84,0.02
TLS,2014,51,0.02
TON,2000,47,0.02
TON,2001,45,0.02
TON,2002,28,0.01
TON,2003,41,0.02
TON,2004,101,0.04
TON,2005,101,0.04
TON,2006,190,0.06
TON,2007,168,0.06
TON,2008,91,0.03
TON,2009,369,0.07
TON,2010,267,0.04
TON,2011,273,0.05
TON,2012,142,0.03
TON,2013,150,0.04
TON,2014,96,0.03
TTO,2000,148,0.07
TTO,2001,123,0.05
TTO,2002,72,0.03
TTO,2003,82,0.03
TTO,2004,114,0.04
TTO,2005,146,0.06
TTO,2006,233,0.07
TTO,2007,110,0.04
TTO,2008,217,0.07
TTO,2009,574,0.11
TTO,2010,176,0.03
TTO,2011,125,0.02
TTO,2012,156,0.04
TTO,2013,230,0.06
TTO,2014,116,0.04
TUN,2000,417,0.18
TUN,2001,437,0.19
TUN,2002,508,0.21
TUN,2003,437,0.17
TUN,2004,841,0.31
TUN,2005,446,0.17
TUN,2006,492,0.16
TUN,2007,525,0.18
TUN,2008,501,0.15
TUN,2009,817,0.15
TUN,2010,825,0.14
TUN,2011,2912,0.55
TUN,2012,1678,0.38
TUN,2013,919,0.25
TUN,2014,561,0.18
TUR,2000,19,0.01
TUR,2001,5,0
TUR,2002,7,0
TUR,2003,1,0
TUR,2004,2,0
TUR,2005,5,0
TUR,2006,8,0
TUR,2007,20,0.01
TUR,2008,1,0
TUR,2009,9,0
TUR,2010,18,0
TUR,2011,21,0
TUR,2012,13,0
TUR,2013,2,0
TUR,2014,3,0
TUV,2000,16,0.01
TUV,2001,5,0
TUV,2002,10,0
TUV,2003,6,0
TUV,2004,45,0.02
TUV,2005,32,0.01
TUV,2006,33,0.01
TUV,2007,31,0.01
TUV,2008,27,0.01
TUV,2009,99,0.02
TUV,2010,71,0.01
TUV,2011,70,0.01
TUV,2012,74,0.02
TUV,2013,39,0.01
TUV,2014,30,0.01
TWN,2000,2040,0.9
TWN,2001,2002,0.86
TWN,2002,2002,0.84
TWN,2003,1818,0.71
TWN,2004,2173,0.81
TWN,2005,2916,1.14
TWN,2006,2689,0.86
TWN,2007,2255,0.75
TWN,2008,3684,1.14
TWN,2009,4517,0.85
TWN,2010,4357,0.73
TWN,2011,3580,0.68
TWN,2012,3028,0.68
TWN,2013,2475,0.68
TWN,2014,1869,0.6
TZA,2000,1241,0.55
TZA,2001,1347,0.58
TZA,2002,965,0.4
TZA,2003,1222,0.48
TZA,2004,1093,0.41
TZA,2005,1303,0.51
TZA,2006,1261,0.4
TZA,2007,1251,0.42
TZA,2008,468,0.14
TZA,2009,1167,0.22
TZA,2010,1029,0.17
TZA,2011,793,0.15
TZA,2012,687,0.16
TZA,2013,944,0.26
TZA,2014,455,0.15
UGA,2000,1405,0.62
UGA,2001,1409,0.6
UGA,2002,1624,0.68
UGA,2003,2062,0.81
UGA,2004,1950,0.73
UGA,2005,1762,0.69
UGA,2006,1729,0.55
UGA,2007,1660,0.56
UGA,2008,584,0.18
UGA,2009,1612,0.3
UGA,2010,1677,0.28
UGA,2011,1142,0.22
UGA,2012,1276,0.29
UGA,2013,903,0.25
UGA,2014,808,0.26
UKR,2000,885,0.39
UKR,2001,1041,0.45
UKR,2002,604,0.25
UKR,2003,741,0.29
UKR,2004,1263,0.47
UKR,2005,1275,0.5
UKR,2006,1605,0.51
UKR,2007,1413,0.47
UKR,2008,2028,0.63
UKR,2009,2513,0.47
UKR,2010,2761,0.46
UKR,2011,2792,0.53
UKR,2012,2355,0.53
UKR,2013,1889,0.52
UKR,2014,7422,2.39
URY,2000,365,0.16
URY,2001,498,0.21
URY,2002,580,0.24
URY,2003,407,0.16
URY,2004,505,0.19
URY,2005,536,0.21
URY,2006,434,0.14
URY,2007,545,0.18
URY,2008,491,0.15
URY,2009,861,0.16
URY,2010,1296,0.22
URY,2011,746,0.14
URY,2012,495,0.11
URY,2013,694,0.19
URY,2014,520,0.17
USA,2000,33026,14.55
USA,2001,37970,16.26
USA,2002,26753,11.22
USA,2003,19220,7.53
USA,2004,15151,5.65
USA,2005,13613,5.32
USA,2006,42595,13.63
USA,2007,44800,14.99
USA,2008,44898,13.88
USA,2009,81221,15.26
USA,2010,89708,15.03
USA,2011,82899,15.7
USA,2012,69191,15.62
USA,2013,57116,15.78
USA,2014,47391,15.23
UZB,2000,320,0.14
UZB,2001,580,0.25
UZB,2002,590,0.25
UZB,2003,342,0.13
UZB,2004,399,0.15
UZB,2005,509,0.2
UZB,2006,764,0.24
UZB,2007,542,0.18
UZB,2008,603,0.19
UZB,2009,900,0.17
UZB,2010,1450,0.24
UZB,2011,950,0.18
UZB,2012,781,0.18
UZB,2013,505,0.14
UZB,2014,442,0.14
VAT,2000,69,0.03
VAT,2001,22,0.01
VAT,2002,26,0.01
VAT,2003,31,0.01
VAT,2004,29,0.01
VAT,2005,62,0.02
VAT,2006,70,0.02
VAT,2007,24,0.01
VAT,2008,35,0.01
VAT,2009,36,0.01
VAT,2010,51,0.01
VAT,2011,41,0.01
VAT,2012,37,0.01
VAT,2013,63,0.02
VAT,2014,49,0.02
VCT,2000,21,0.01
VCT,2001,5,0
VCT,2002,3,0
VCT,2003,11,0
VCT,2004,5,0
VCT,2005,16,0.01
VCT,2006,0,0
VCT,2007,31,0.01
VCT,2008,23,0.01
VCT,2009,23,0
VCT,2010,19,0
VCT,2011,21,0
VCT,2012,8,0
VCT,2013,19,0.01
VCT,2014,4,0
VEN,2000,606,0.27
VEN,2001,577,0.25
VEN,2002,573,0.24
VEN,2003,865,0.34
VEN,2004,1051,0.39
VEN,2005,989,0.39
VEN,2006,1074,0.34
VEN,2007,976,0.33
VEN,2008,1569,0.49
VEN,2009,1791,0.34
VEN,2010,1458,0.24
VEN,2011,975,0.18
VEN,2012,941,0.21
VEN,2013,1127,0.31
VEN,2014,688,0.22
VGB,2000,37,0.02
VGB,2001,6,0
VGB,2002,8,0
VGB,2003,13,0.01
VGB,2004,28,0.01
VGB,2005,15,0.01
VGB,2006,24,0.01
VGB,2007,32,0.01
VGB,2008,34,0.01
VGB,2009,52,0.01
VGB,2010,25,0
VGB,2011,25,0
VGB,2012,26,0.01
VGB,2013,19,0.01
VGB,2014,14,0
VIR,2000,9,0
VIR,2001,0,0
VIR,2002,0,0
VIR,2003,0,0
VIR,2004,1,0
VIR,2005,0,0
VIR,2006,1,0
VIR,2007,1,0
VIR,2008,1,0
VIR,2009,8,0
VIR,2010,6,0
VIR,2011,1,0
VIR,2012,7,0
VIR,2013,4,0
VIR,2014,0,0
VNM,2000,1179,0.52
VNM,2001,1460,0.63
VNM,2002,1852,0.78
VNM,2003,2051,0.8
VNM,2004,2272,0.85
VNM,2005,2660,1.04
VNM,2006,3556,1.14
VNM,2007,3773,1.26
VNM,2008,2166,0.67
VNM,2009,4581,0.86
VNM,2010,5398,0.9
VNM,2011,4566,0.86
VNM,2012,3359,0.76
VNM,2013,3198,0.88
VNM,2014,2823,0.91
VUT,2000,54,0.02
VUT,2001,31,0.01
VUT,2002,20,0.01
VUT,2003,33,0.01
VUT,2004,150,0.06
VUT,2005,83,0.03
VUT,2006,102,0.03
VUT,2007,108,0.04
VUT,2008,81,0.03
VUT,2009,262,0.05
VUT,2010,366,0.06
VUT,2011,270,0.05
VUT,2012,183,0.04
VUT,2013,107,0.03
VUT,2014,83,0.03
WLF,2000,0,0
WLF,2001,1,0
WLF,2002,1,0
WLF,2003,0,0
WLF,2004,2,0
WLF,2005,0,0
WLF,2006,8,0
WLF,2007,8,0
WLF,2008,0,0
WLF,2009,5,0
WLF,2010,10,0
WLF,2011,2,0
WLF,2012,2,0
WLF,2013,4,0
WLF,2014,6,0
WSM,2000,52,0.02
WSM,2001,21,0.01
WSM,2002,35,0.01
WSM,2003,28,0.01
WSM,2004,104,0.04
WSM,2005,56,0.02
WSM,2006,95,0.03
WSM,2007,115,0.04
WSM,2008,65,0.02
WSM,2009,371,0.07
WSM,2010,212,0.04
WSM,2011,253,0.05
WSM,2012,134,0.03
WSM,2013,112,0.03
WSM,2014,94,0.03
YEM,2000,318,0.14
YEM,2001,245,0.1
YEM,2002,321,0.13
YEM,2003,165,0.06
YEM,2004,249,0.09
YEM,2005,165,0.06
YEM,2006,277,0.09
YEM,2007,181,0.06
YEM,2008,255,0.08
YEM,2009,1110,0.21
YEM,2010,2228,0.37
YEM,2011,3827,0.72
YEM,2012,2544,0.57
YEM,2013,1128,0.31
YEM,2014,943,0.3
ZAF,2000,2554,1.13
ZAF,2001,2650,1.13
ZAF,2002,2942,1.23
ZAF,2003,2502,0.98
ZAF,2004,2550,0.95
ZAF,2005,2200,0.86
ZAF,2006,2472,0.79
ZAF,2007,2822,0.94
ZAF,2008,2035,0.63
ZAF,2009,4141,0.78
ZAF,2010,6675,1.12
ZAF,2011,3961,0.75
ZAF,2012,3626,0.82
ZAF,2013,3758,1.04
ZAF,2014,2127,0.68
ZMB,2000,1083,0.48
ZMB,2001,1052,0.45
ZMB,2002,986,0.41
ZMB,2003,1055,0.41
ZMB,2004,1015,0.38
ZMB,2005,850,0.33
ZMB,2006,1758,0.56
ZMB,2007,1876,0.63
ZMB,2008,423,0.13
ZMB,2009,1354,0.25
ZMB,2010,987,0.17
ZMB,2011,864,0.16
ZMB,2012,904,0.2
ZMB,2013,696,0.19
ZMB,2014,563,0.18
ZWE,2000,1594,0.7
ZWE,2001,1488,0.64
ZWE,2002,1725,0.72
ZWE,2003,1203,0.47
ZWE,2004,1247,0.47
ZWE,2005,1031,0.4
ZWE,2006,1362,0.44
ZWE,2007,1467,0.49
ZWE,2008,1054,0.33
ZWE,2009,1829,0.34
ZWE,2010,1155,0.19
ZWE,2011,901,0.17
ZWE,2012,783,0.18
ZWE,2013,860,0.24
ZWE,2014,566,0.18
